Name,Brand,Price,Shipping,Location,Watchers,Link
,,$20.00,,,,https://ebay.com/itm/123456?itmmeta=012DEW30YG0MEEKND7NH&hash=item123546:g:acwAA9KNiJowH:sc:ShippingMethodStandard!95008!US!-1&itmprp=enc%3AbgepL1tlUHjMGCVfSTGJh%2BzsVKeJ3CQk7NizDI4BZeppuFnmyS6Ijyp8lh%2FnEw%2BWqO7uTV1Q6izE1R0T54aV8j71F4xlWfVcGft4%2FiOQhtqVXA1rW6M1atPARQRmhqUxtEPJKhKtSFgI%2Bvwlzb0GwVCtkp%3ABlBMUObkmabpYw
,,$20.00,,,,https://ebay.com/itm/123456?itmmeta=012DEW30YG0MEEKND7NH&hash=item123546:g:acwAA9KNiJowH:sc:ShippingMethodStandard!95008!US!-1&itmprp=enc%3AbgepL1tlUHjMGCVfSTGJh%2BzsVKeJ3CQk7NizDI4BZeppuFnmyS6Ijyp8lh%2FnEw%2BWqO7uTV1Q6izE1R0T54aV8j71F4xlWfVcGft4%2FiOQhtqVXA1rW6M1atPARQRmhqUxtEPJKhKtSFgI%2Bvwlzb0GwVCtkp%3ABlBMUObkmabpYw
,Buy It Now,$0.99,Free International Shipping,from China,,https://www.ebay.com/itm/404956163072?itmmeta=01J4ZV2JBT34KN5A54WMT2JAZM&hash=item5e4944ac00:g:regAAOSwukJmMy~C&itmprp=enc%3AAQAJAAAA4LKrOdSllGt1orJ2n7c9wuhbVPqqIBDHSgpekm1K0U2YK%2FS9maQejZ%2Byb%2FytYvqS9yrE%2FnpZ5k%2F9cjikb36yTspwf3x5vCNKDzA2xO3%2FikAws%2BRIyPrO1jQX3GGF16lYkJvGoGFd2SkfobyCQAkelViUe6z%2B3%2FcbZH%2BjUpysDrQEBG7hPtF4uWWRzVnuucGZ3XG1JeVl1Si1SU9N%2F%2ByXCE2R%2Boy3LwDRn4uhOrbLPc56RfIjqidh3DSByv1Jr9VweaQ1aQH%2B15xPJlNYridr658vQ1c9VsA%2B7gENhRPCUZ%2Fa%7Ctkp%3ABFBM_qWK-6dk
,or Best Offer,$21.85,Free International Shipping,from Australia,,https://www.ebay.com/itm/355925736357?itmmeta=01J4ZV2JBTWHRW4KBDGE9HYGM1&hash=item52ded3bba5:g:W4EAAOSwMGRmpZkO&itmprp=enc%3AAQAJAAAA4CCCxNpiBkq%2FzqprXniClpesJBN%2FwuEmeO%2FnVa3CXowcOUp86GJVHOD3YHaWA1N0ikZC%2FdsCKpnJhAky5%2BP%2BACOhvn4afpqH8UWJ8lcomQCy3OFG01oYTOzqJgIqS1kbIkxhu3rsI8pgSspPCEsgOcOy0nj1zIfeiF0xcr449cpjZgXZUN%2FUsG%2FIqn%2FsUwLyJV3fK%2BfgJw5mzBW6GGbyW%2BhTSmxJYtbybKLDFt9XWBdUukHTr9lVGyY%2FUE6aQG2W8r0Xiw8sme%2BD%2FbYRE1n0MteTUuUK%2FTJOzNLLbzCjt9aT%7Ctkp%3ABFBM_qWK-6dk
,Buy It Now,$8.28,+$46.85 shipping estimate,from United Kingdom,,https://www.ebay.com/itm/326219358688?itmmeta=01J4ZV2JBTK4RPD3MPRF3Y5MPM&hash=item4bf43061e0:g:dNsAAOSwLV1mq8PA&itmprp=enc%3AAQAJAAAA4MhzzKpDG%2FIjJPO8I0g6iL6OhpuXqJnGzK1qVtoRydaKm3Mc2wutZxzh%2BUt%2FWfPod8DgyoidaYVKJv%2BwarAh0h3WKdO3%2B%2FXi3q1tJVkW7M4fp8FysXKPYTZVKieHkpphXV5AUnZkXKRgk6c7tEyTDuhxNqJCF4nf2EsWKelkIEfYIi85o8%2FHBglamt%2BkEU027XEZLzHl9IQQZiH7yrF5zCw3QKiDlOQUUM9GIFxbnw7smcqjICDq5HYCK1nRgD1PzfteNBsUWSPMKlW2WedHwejttXB6tzo2k3kWJ7KXzF10%7Ctkp%3ABFBM_qWK-6dk
,Buy It Now,$10.59,Free International Shipping,from China,,https://www.ebay.com/itm/224161893187?itmmeta=01J4ZV2JBTTXMTPZCM6MQT54QP&hash=item3431170b43:g:T-0AAOSw2jRkJkQh&itmprp=enc%3AAQAJAAAA4OqStW8NkMy80Ud9l0g5qgJ0pQrv9Bksz0MK0OtLrFWS6wgZiyDclT%2FBspyQ7FZVce4Q%2Bk64rlfhVgxyeRQ8N5mWbqNDzRWcbAwdunO8GhF12kxhrJr6u8eqNJoD7jarYODqlsA3%2FxHpZiFomBgHRc2Z1kzjovtdPEG6mIbRg26uADZDCyHFiVmni%2F982dMC9xGLnr7eIfqxiHHxFDa%2BD8UBVbfC5K9axzRrvyCJwMkFg9rTqDfGVsdgRYCXVEM6NCBSFNfxueIKZ85WGToLSFHzRMa5B57zYO9vQmBmaLcz%7Ctkp%3ABFBMgKaK-6dk
,Buy It Now,$0.99,Free International Shipping,from Hong Kong,,https://www.ebay.com/itm/394972155645?itmmeta=01J4ZV2JBTBCH5Z3VSYB9WGFDF&hash=item5bf62ccefd:g:~vMAAOSw1QllQdeZ&itmprp=enc%3AAQAJAAAAwKJU2zgaNcCpAJQWLSBBgMsMoAwX7lSs5eA66W5vJewdpyAYTOtVQTCQ%2BCeCCDTRonKPbw%2FC5yLGqMVXX%2F%2Bk%2FH1jTsPOBby8UxKa2DJ8JjnnzzfpyhokMUPJnsPaWTzwJHbW%2B5m%2FNCSDGjLRF8QqgCly2DA8kLNyXJjNvUf0Xn481JWDeGnuzjNtj2R2D%2F803ZiQ76IlWpgbwpc85KAZYHEUApkH%2B85G0O5BU9C3F8L3DRWHV7BuspdeUlz3j28SgQ%3D%3D%7Ctkp%3ABk9SR4CmivunZA
,or Best Offer,$0.99,+$0.99 shipping,from China,,https://www.ebay.com/itm/296156802530?itmmeta=01J4ZV2JBTNQB7N935E9ST1HY5&hash=item44f4522de2:g:HT4AAOSwRPplnjpg&itmprp=enc%3AAQAJAAAA4IFE1wlvxLIN8Jx%2BDiJdLT%2BUR9EdMdyMQP6w0fVM4jOjxFcS5FUE9yReUtHwqusGts6ONpPnSw9wINVG392%2Ff0%2FgL4x4iAuloWJxI4lqOrpM2iXNNEFYhNiJSraoDbPTtbBx85ZFK8Gawb0fAseRrgpertqrh5y1sCD1%2BBEumDvyrkoBe7oogcxbsH2FIz3L2mmX2JPByTuU7SiIrQlobJEbgzXKVhtfcEIkTaePTML46XAvPA71YMk%2BVU%2FOzxlqPYOm8YpJwPgtz10iyZNPJsHTxVDvC11nP3thPT3O8aTn%7Ctkp%3ABk9SR4CmivunZA
,or Best Offer,$40.00,+$34.55 shipping,from United States,,https://www.ebay.com/itm/405144692906?itmmeta=01J4ZV2JBTVR93PVJMHXWHGFQ6&hash=item5e548168aa:g:a88AAOSw~7Zmr3Nn&itmprp=enc%3AAQAJAAAA4EpJQMlPtt0IdxdcvelRF7B9%2FPEe4zNqc9lLNN%2BiDIq%2FYdB2vS0cwZEGbcXtxsu5nvj9sc7T2SDKSVsGSw0opf1mmsLKmzKf%2BgOAsJWGjlG7dC5iHxJQV2NP6KMvxAlLHqtHl4rcelNHjxMSKDyURJFqoNDRZGi2uCIZp2ethh2OSlBhWzJJGRJ7hW7mPimPcI2T%2BMQniQXeG9NFYbV4u43bb%2FOxcVMDHFWCTvkeNE9asb5kH8058mVaq2zcGH1Up31qwdBcDmlV8WiSuX2CMJkg41ISvXOqnpLPloT4QIQb%7Ctkp%3ABk9SR4CmivunZA
,or Best Offer,$1.26,Free International Shipping,from China,,https://www.ebay.com/itm/296572447690?itmmeta=01J4ZV2JBT21ARJM2M2EA1T0QR&hash=item450d186bca:g:n-wAAOSw3o1mlhER&itmprp=enc%3AAQAJAAAA4K5NCdxH%2FcVrVKvPGTL%2Bq4Pf%2FmZNuYFeabaTshUcDDDzajyul6t3ySGeT4fGLsS5MeOGn6zi9xigExJasHFG4lUdk%2BDiSpi5nZ7cXnikGz9B%2BNuFmWFHg9gr1aqTMcNFHCd6ym1QO3tbqMRLM%2FUVeAGt7FlhyUTVaoDDc8X4fiz2zWFTZLl8OnfLf6g1AtbB8%2BZrwpPAZ0KXnuOhnXJNuHePDuyg8%2FK%2Bnqojaj1mD0ct137L4zkc%2BBY8rFxaxWZkE4VPuxa7lqglvie6mKO1klvHy79Kmg5rL72%2FFdo6zUXx%7Ctkp%3ABk9SR4CmivunZA
,Buy It Now,$35.00,+$27.17 shipping,from United States,,https://www.ebay.com/itm/276544484450?itmmeta=01J4ZV2JBTGVGNY6S945KGMFPH&hash=item406355f462:g:kkQAAOSwiptmjW~W&itmprp=enc%3AAQAJAAAA4HU3nCQEnb0W%2FuYDtK0FroMGFW1xNhEBXspx2W4DX2gcTRisoVyaHvvATNdmYT9ej5OG%2BhtJRS3%2FK8PA5XcHzC29VaaFddzutqmy6%2BFJ5RsFQZnrXZpTj3L59lQZvztgl08gDO8u8%2BjKHPGlRgoSEq6QgR1yrB%2Fbf2hCrEgmc10%2FvNTXAkGxDULODniI06Z4Six3hacwxWuAvQ74X73XzLOucMdxwugwfqwWxhiF24ljKbZZMKaHHAIKPjUE7O9WPFBk1ABtsPJMEk%2FvwTEXXj%2BYyk7bPjk8ab2nEAoDuLL1%7Ctkp%3ABk9SR4CmivunZA
,or Best Offer,$46.99,+$19.70 shipping,from United States,,https://www.ebay.com/itm/256062089347?itmmeta=01J4ZV2JBTEJ8KEKBSFK81ZM0E&hash=item3b9e7d6883:g:uTkAAOSwoSFlNvLE&itmprp=enc%3AAQAJAAAA4H6DdYJUFQ74OfbFQtGPSa8ymasjyKIZJNXAEwvKR1M--x06A%2BffstiJm87E4Gx8WOc6p9ByyL9gQlhh0Knpchn2xe22lHvoEFLc5HWC%2FMzcYkk0OD%2FVx7A126w7ITEkZnTdWHPRKqBssi%2FJb7gT7%2BMiQt86XqY1ayT7OHBjFTMDBGbT7emAGJ5vazJ9Ge02q7cljKVrqjt3Di5zX%2BkKTIzAgu4CKcWJAGfVPtMd0xTKhPSIvsLPgISpuwpsjBowT0cpY2IaEpNqUUaYAmOxlj6Vym2rjGZe5FPuGhORMFS1%7Ctkp%3ABk9SR4CmivunZA
,Buy It Now,$28.99,+$44.71 shipping,from United States,,https://www.ebay.com/itm/395506569082?itmmeta=01J4ZV2JBTHQ2HY1HEXCY6PT72&hash=item5c16074f7a:g:QvcAAOSwA1tmgt-C&itmprp=enc%3AAQAJAAAA4EywHDl8kQ0IRzlw3R33cHgFLfRLtZpLsTIrwWepTid3YDpDY%2F5%2FXnDRVSQsydNc6bFHdNUy6gpsuX2Yi%2FPoe8u6zb6IAUvtA%2F9hWs52vbJFkDdv43H%2FKjDKUs5eox5qKvx55EjvvQxALYCTjxY2%2BRaAASsxRhDYH4ZNIT7RLImwjE1TEQGnBV%2FOEgOVcuBCRSLOsYXSbsOn1qKji%2FSgrSyIK%2BTrKbdEWVeUGg2GNDXCOnJhIVYGAkBM9h5MOv%2BKwbPL2ET5sbKuIuoSWiCR7OD56mE1gLVrM62g2N%2BOkRMR%7Ctkp%3ABk9SR4CmivunZA
,Buy It Now,$229.95,+$25.09 shipping,from United States,,https://www.ebay.com/itm/126573812131?itmmeta=01J4ZV2JBVP3WB218Z44DFBA2Q&hash=item1d786319a3:g:2dEAAOSwtx1mkaee&itmprp=enc%3AAQAJAAAA4LRsTyg0AtJxyZaqTIBHCazW4TcdaCp6FoE%2FzVlRJj%2FC7dnoyJBCXickrbg6pDkqax80QD7bN14QWo29vt9IAqbJE%2BsWbuGlYdT3LSs%2FWpHqVFQkSU5ct%2BITFp4HerFR%2BGeDshWAcZalfyjUHKo57h7%2BwbLOXb6t%2F52VROKNviJpIjkPO4izDWxNccnru2L1He8D9TTBWkFYqDjK7my6UW2Og3OT7oir8fZj4IRXvTtg6cK3q1YRQo30K1SCq6iA%2BYgJF6BA%2BBD8lsSOJoH1xjz%2FucUbP5esLpskSF6RQimM%7Ctkp%3ABk9SR4CmivunZA
,Buy It Now,$51.04,+$25.53 shipping,from United Kingdom,,https://www.ebay.com/itm/226166649921?itmmeta=01J4ZV2JBV265NEX6MEX4JYZ4W&hash=item34a8953441:g:neYAAOSwk4lmVkwU&itmprp=enc%3AAQAJAAAAwOSJj7rJ6DFCk4MoEGXjIJGP44srRrYwQc3tUB1UvLrOXrMxsC3E6J3e9iR0V3TABjWL9OTPoLKQfATFi5DMYM8AQKqQHmaTSp4KYBp7FPM%2FR%2BTCkfQdRHndTNffkdkyl%2B5uuCfv1Bz%2F1xjcB5iPtSDBjyKCzojtA9Or5fs8bNWI93nr%2FCCNEsQJ5CF57%2BBYn6huCIfG3oYRRuUcgb%2BM5GY4U6tryt2QmROfRAz9B%2B%2F2jyO58cs7Wt5vAfoCKdV0OA%3D%3D%7Ctkp%3ABk9SR4CmivunZA
,Buy It Now,$11.00,Free International Shipping,from Sri Lanka,,https://www.ebay.com/itm/395524607644?epid=129587713&itmmeta=01J4ZV2JBVPYGVT4CERBSXS0BD&hash=item5c171a8e9c:g:EfcAAOSw~O5mlqNu&itmprp=enc%3AAQAJAAAA4Ke1dVQZno8CJxvUvsvYbgExSRF%2BuhVxaJhGbxHJY0UoylMU7eJFkUe5hZgh3lxadrr0KZgnCJRCsYTV%2BvjMZeO43nJ7PdSuV%2BOZQRxG4%2F8DN0MD4MTAu9yyOaZkzvSpOnvws6OcKaEDfRjifkywVD%2B1uTbsF0aPjOBQNcl7K2N0F%2Btwig4mr9AS4b%2BD4QU8LuzL4A1D8zkL%2B5HIFmgkLXgkmim6ylOdBkCxLCamA%2FqnQGpB5e38HL8J4OvNkErn1s7FlJFbokXPf5DsfQS9DhYnDwuOJdnOIq6Qglwj6sEa%7Ctkp%3ABFBMgKaK-6dk
,Buy It Now,$19.13,+$47.23 shipping estimate,from United Kingdom,,https://www.ebay.com/itm/355093858653?itmmeta=01J4ZV2JBV6WDNDJNMSE5PXN26&hash=item52ad3e495d:g:Fk0AAOSwqMhlL8Ug&itmprp=enc%3AAQAJAAAA4KgdhErMQm2jPIzLAZ8cy%2F%2BKBKd4QuzK%2FajhxdwJ1GObdz5R%2FxqjrPNGDKM9m28V6l8ZaP%2FfmAKiH0eM1%2FijYqCp7JxEmmAw%2BaBYlkFg3%2FKu%2F8w0lHdunv5X41IjrchHsCbYlYvgFUErUf5CiB%2BFxEq3W854T%2FFf5iHmB7HzrRzerlQ04C5Q1Md6FZPpJHvqQK8kksgsys5NFJ59wy5f4lTblVOPWT3YGZoKNPoHCKC632Gjc1XKqD2K%2FjkFrgLQThFBz7PngxMt4rJ8EoP6xrPBBebBO1eX3GYw7Oc6%2FAfJ%7Ctkp%3ABFBMgKaK-6dk
,Buy It Now,$8.28,+$46.85 shipping estimate,from United Kingdom,,https://www.ebay.com/itm/226240301374?itmmeta=01J4ZV2JBVC5DQB41HT2X0FBVE&hash=item34acf9093e:g:inMAAOSwsEVmmXLX&itmprp=enc%3AAQAJAAAA4K8hHrSejEHFQlby2ODfI7OfPvaai%2FJgdhP0oFBsIEUFqpBowFiV2wNUy34G8XINhYYyWSEfeVGjtqfWpGaS2y5Ry76OFH6PZVNmcVdKwIBQHgRGis8megcIvrbjuR7bQVRyvWA70bmLjIHKtkYUOM4SavU5N8AAwFD4c%2FBUmbmeuxPK1vP%2BsNcj0WIY0ppIfhuZ0Xkb7KcMNwnwZeMP%2FtyN%2FXhEs07B%2BMLQ1PGdoy7OP13a%2FqOiHN9R0ToEIIJ%2F7SGXL9XOVpRstMsgtR7uTyhB%2B0KBVSlbXWMFwCxvzFoY%7Ctkp%3ABFBMgKaK-6dk
,or Best Offer,$6.71,Free International Shipping,from China,,https://www.ebay.com/itm/355621904879?itmmeta=01J4ZV2JBVCVSPWJTP25K20KKZ&hash=item52ccb7a1ef:g:Q-oAAOSwaptl1AhT&itmprp=enc%3AAQAJAAAA4HjF5Ek%2FFyPeL077E2f62aZ89duEwVoCdgU9wraGezNM6z61RCrW9Q1SfvZoTVY%2Bhy2B3zlIZfdiPU9yWEjmuEksIdvnttVY%2FKpuBE02nnw4Y9glrnNRPKShRnK8c8nkU44JDQRBUGwfiB8UCAhnbjRUNWKDx%2FiRm8rxHy3n9Q13huUNIhLpEnHMQOE%2BXkPtx7yXKagsP6B3stkUQxnLBWqRhJcAAGXt8Ng7NLTZI3j7B6jpjmBdBwxZC0Xr1duIEzGFk9j2%2Fx0%2FrclJ327jwwKaDKgqArCUulM6Gp%2BXSgQl%7Ctkp%3ABk9SR4CmivunZA
,Buy It Now,$79.98,+$52.08 shipping,from United States,,https://www.ebay.com/itm/166864627746?itmmeta=01J4ZV2JBVSEJ47KFTF82PQ44Y&hash=item26d9e82822:g:79YAAOSwiIlmkJp8&itmprp=enc%3AAQAJAAAA4LXNfGoPmxmNXULCvoGMuwK4p8xaM3OmhliPJg8t82EMED7kjwQXAdLHFe27JVhVTIScG81wH9FE3hcZ%2FxsDpQD7ehCk2I3CHltCCqvt%2FKdF7FfqhwHlN41dh3XkkeBIpUnrYM432gfL2kndv%2FegdHa7Z9g2NbmR%2Bnpqb6Ndi8ve6vvcNFb0j902ltFlKhGvJwiiEgQiE4nGoleO7dxONBOI2QreHuU21MauAGBwIs%2FV6sBbW4mbTowBjYmJJJdpJOlMXAy%2FErxSvHLJhawKbvt2KAGSsWK6a%2FLiUNJIL2QP%7Ctkp%3ABk9SR4CmivunZA
,or Best Offer,$39.99,+$19.49 shipping,from United States,,https://www.ebay.com/itm/305635914802?epid=7059156431&itmmeta=01J4ZV2JBV5ETXY9N4JD72SA94&hash=item472951f432:g:Hh4AAOSwkpFkga3X&itmprp=enc%3AAQAJAAAA4O787gdkUrYgvZioy8Cuxn3Sq1%2FkYmDpAAJpjyg%2BG6kWH8V%2BEK%2B%2F3WvJugv9x0ZbIQKbP5mzNRtxnWm5vhOa1kkE1Y%2Bm%2FbP8XcLn%2FbxSHb8Cc4l4lYAuzgEwP0nqaaBcQomhmBklPRtj7HInbHZ6CfgsBV1wJuD0pf5yGpDErsumU5JM9syZHdDwcVg7Aq0LOCC9VgbTM7Ij6%2FpEjT9Ro9jsw8klvbZl%2BkqV%2FKV8w3oFrbDl6yZtH4UQhXDDd2E8NWgDXoQmmDuTyboZNiTWLKvZlOJW6wbQqBu66nTfggaI%7Ctkp%3ABk9SR4CmivunZA
,Buy It Now,$25.50,+$47.45 shipping estimate,from United Kingdom,,https://www.ebay.com/itm/254609005606?itmmeta=01J4ZV2JBVCCRJGPGN6YD3FRF6&hash=item3b47e11c26:g:9YoAAOSw3BJmf7Va&itmprp=enc%3AAQAJAAAA4MrgS2OsisbGgvQvbIpfs2uyH0fdLsrInXwnl%2FvNZRGP407tb2WyQQFa0ILdkTSI8VpQwAmj2wq7QGRmkrWOlFtbcrUoNTbNqTyqnIIf%2B2eOGLAoGATEl%2FazXEpulTqdZIBI33%2BwirKXwzoscLWRUrZmASadhlj0RDXsPW5SBLzbvggP87YUSFgcdbvzHS0ly2M4o00Jv9i1hc%2Bux%2FB1Qvw5Cxps2KfaeNNQjnE1H%2B4AmVyJbwO5d4kk%2B%2BgjxUldSWNntLmEY3eF6MiKnqwmzXS6O0FPAmjZ3a0N53Llqzep%7Ctkp%3ABk9SR4KmivunZA
,Buy It Now,$15.99,+$18.78 shipping,from United States,,https://www.ebay.com/itm/355233744641?itmmeta=01J4ZV2JBV22XPXC7D8J8Y2BYZ&hash=item52b594c701:g:saoAAOSwiO5mAeNs&itmprp=enc%3AAQAJAAAA4HxsHaS9%2FkzGtTbcmKKjNX6tpms0DoxOIW9bz%2FB7FMbt6lA7uv55T2L3DDkYqfovjpDHB8N0S2%2BxdFpPLDy%2BUYM65%2ByyytmC3ewejahmEginPoIxC%2B4GibsUlvBJgooZ5n8ava2CAxb63ndQ%2BiCmc8zQUkesCEJz1GpQncT9cCoFNARBMCVSHsEobRBkxgQ9Iresre%2BxbQULnV8kbicI2na%2BrC%2FjyiHLYHYvedXFnbRu7dA7JYJghoyZDrZA7zL1hbTrOxsig5fPpvW232zz6SVjUP5Ffj8v%2BrC0QyIoxM6W%7Ctkp%3ABk9SR4KmivunZA
,Buy It Now,$3.47,Free International Shipping,from China,,https://www.ebay.com/itm/404358869617?itmmeta=01J4ZV2JBV47V7DRFQYGH5Y7TD&hash=item5e25aab271:g:pcQAAOSwwwJkn8-q&itmprp=enc%3AAQAJAAAA4KRyMyuJdN8gr9IlTQBOMtX7UGLBF0RYgy8hskP5ljkCdw%2FrxdCYG5FQXMWbin4K03Ddi46RYwtLUhGhkjQf%2BUp5dwjIcnUH%2FlYgq079t5xDEE6%2F4XIF0GyN52K46VFIyUcH322kbJ9pSWmH8TDQDe7%2FALVrQl3gHFrkwqAgme%2BE0dq8SNuTs%2F0uw4QnxnIZtZolPifdRyUbB9mAcUKYWeQzLB4eGpwlX9BCom%2BMHnRzU6BJ9GxZhjjWjfzjp9rtR%2FBbxVJ2W03q%2Fv0cwNZfPcCJgAJ54WZ%2FdX3WFrH1RsaP%7Ctkp%3ABk9SR4KmivunZA
,or Best Offer,$42.50,+$27.83 shipping,from United States,,https://www.ebay.com/itm/276577828720?itmmeta=01J4ZV2JBVEAARMTCCVNHMGV2S&hash=item406552bf70:g:w8EAAOSwHU1mrNBa&itmprp=enc%3AAQAJAAAA4MheaTJ2vMxeRQVqKA%2FxB%2FfGXNs51WDzwjKhoCdxEzWHDQm24omKfmD0DrzGyK8cT4fvoRY%2FNTlVhPwLbRtvid%2BkUNeu5V9NM2qR0SwiT8fsKxKB%2B4YIG9Kl%2FDzan1uyBVYxgjwNLd8%2FavE8Xw7a2%2BKgRvs5BUKNypOAoundaqrPkoHmgnEIEI1qI2gbynRcNW02AW10UHeCt2qhjteo01q7LRfGIwYNcFwC%2BrtsbCNUOLzOwA7aBptw1FDKJOq96ESnKo0%2FoUHEJBtZMxHZle9IeGQ4l%2FgxPfN3eQnKQ%2B7I%7Ctkp%3ABk9SR4KmivunZA
,Buy It Now,$169.95,+$23.32 shipping,from United States,,https://www.ebay.com/itm/126573821540?itmmeta=01J4ZV2JBV1YQ34RMFTMN08WQE&hash=item1d78633e64:g:CKIAAOSwaUBmka2w&itmprp=enc%3AAQAJAAAA4AiYvZ2Dmmq4KuPnzFjMjLm4umINbhx%2FQT7DkLTYunl81e86uV6qkIuvYGx9oPs8OP8KCY%2BkJ4eje8PBjdScyoIgwHCH2C4DPwBgf%2FvikjA1zBeQmlW8ydsdVWIZUHRJIqWE1b2fHp2X0%2FrYCSxgsz%2FuXThIGGdCethpqqCz%2FFzi8%2FA8qNmX%2Bm%2FaFvy%2BJ9hDB4gGDc9H2uo8hAVqhceRJZOQJhQmrVwBmGA6ceytKXQGattiKG8rAs2aH7kHsbYfByKhOKnSOcsqdK8qaryE3uYkSYIOzlitSd3csUH3bCOl%7Ctkp%3ABk9SR4KmivunZA
,Buy It Now,$25.51,+$47.45 shipping estimate,from United Kingdom,,https://www.ebay.com/itm/126558873457?itmmeta=01J4ZV2JBVJ9AXAACD63F25R9C&hash=item1d777f2771:g:FfUAAOSwSl1mhQyZ&itmprp=enc%3AAQAJAAAAwGNzZjsgBSBfkykbfBF6u3tewCu6rkrhkZOE0t1C8XLSFAjwq2u5ukxuPL2OjCDdtj%2FwIrxlPTtzToKnz6MLKuos%2BqG6AgpzGEP8NQmENfgvlBG7G8v68ARAP%2F8YCZ6H%2B2p%2FaayTRGVMphxEfjyTiBlEFsvavZXf20jujMjWGWQDowSSrCRtEPeGmHV6aKLCoPBbuitJ1cuuCSvKjYyFsGUBqrkzGJLTKwxZo%2FGBui85V9MvKC6h4--2tITtv1REWw%3D%3D%7Ctkp%3ABk9SR4KmivunZA
,Buy It Now,$159.99,+$30.85 shipping,from United States,,https://www.ebay.com/itm/335201296609?epid=28062524071&itmmeta=01J4ZV2JBV9KGFSFDPP1XN25JS&hash=item4e0b8de0e1:g:L9EAAOSwXpJlnHFV&itmprp=enc%3AAQAJAAAAwHbtGqfE%2FoQKdhrqyHoH%2FPanuhRRGeWuNpB8--1TTI3MfzAuVB40Zs8M9mVWKpM5IC2%2Bc0oDiKmahrvV0xOTL%2Fd8YHen584VWp3hG2XoZKYk5zJzdoL0%2Be5p2imm0Q9XQzZ%2BrOXrGQeXXmIjB3523iR%2F%2BN6RDNoMwky0vIw9vfAdlR2qBwAU9d%2FAmGqtqz5qkkcpuosqrAaE83TiLLZnFIhCKeE4cVp7Tono25nThTphaWnHnvY3ThwfALRGLvKe0w%3D%3D%7Ctkp%3ABk9SR4KmivunZA
,Buy It Now,$0.99,Free International Shipping,from China,,https://www.ebay.com/itm/126362336316?itmmeta=01J4ZV2JBVGME8NZQ6VXJ8BJVR&hash=item1d6bc83c3c:g:JVsAAOSw88BlPyc2&itmprp=enc%3AAQAJAAAAwLhobOlz1lDHo4oYYeYnb1zD0xvvWXUdlwvYEdRJdumhZB19PSFUwao4xyPWWv7UQJUcTH95A1TiA5MQW9dWBGIFxTfPE93sqcR0zcXqT3m14Z021671znDjSsvSnIoTft2onENyxpF%2Fv88weWPXyKOPd9dqkab%2Frejalwt21PfX7CavEzWUVlwc3KjfItTk72LQdXP1JpKPU6wT8TQY8fsxd7buPoJ0G7F7IwsuJb4RzWN2TLw2hpW5iwh6xVPsFA%3D%3D%7Ctkp%3ABk9SR4KmivunZA
,Buy It Now,$2.79,Free International Shipping,from China,,https://www.ebay.com/itm/156172558587?itmmeta=01J4ZV2JBVEQNBNDHD7V252BEP&hash=item245c9c20fb:g:31gAAOSwQElmIM3f&itmprp=enc%3AAQAJAAAA4ErTJUt1K1FxynHC4xVD6bDJqLCuZGTB%2Boc1Kg1SX8zO88OdhhPfO%2BfYfPsaiWvTU3IHVLf3gZjT63S%2BhCAR%2FYZAv2%2BBoWzO13ZLgGfdOkpAbu5SWPFNFw%2BbpC81KPaWef6JhofueVp8el%2Fp9zsD1udnWtP2IhLoIVzNtko5tISHmdAzU0hm%2FL8q%2B9svMbzZ6FruQGthshYnmfsGRfHun5dmpHq4mvmQ3z2h%2BAYKtMVvsP98weClF9LgXkGde%2FxnrRXwjsTsW44tAOLbDTn3gQlGnX7N4C66MYjaIj9ZcdzU%7Ctkp%3ABk9SR4KmivunZA
,or Best Offer,$34.99,Free International Shipping,from Hong Kong,,https://www.ebay.com/itm/394981643844?epid=2301759852&itmmeta=01J4ZV2JBVWJJ97ZHNPHDWX9JM&hash=item5bf6bd9644:g:gQAAAOSwuiJln1mO&itmprp=enc%3AAQAJAAAA4EkeVnWWyvcd7IL35rtbcxmLzq33Aqg3PAUqjlh%2BnR2D2Vfsq1d%2B9%2FM%2FD2guBCZlodA%2BdDQtbSxDBh2DSQyWZ6fldPIvv2szZVxcABdHGLHTkz9T3JKU9zMrwPALGiURdoJB6qRwdFEVpSRfk6XPD5B8ssnLEFY9gzgtZcz4diJi9jRnz3cDlkl%2B0SayCF4m%2FbVwKOH9uXkSIX2eOcqp1RsP2nIg0tYPRpOAt6w%2B2VHd0KyY%2B%2B5qL%2FqEXEG0CvEkllRg4bwahJAHNjRne92D6yBwQE6pv91d5s1iRKLOXLKn%7Ctkp%3ABFBMgqaK-6dk
,or Best Offer,$24.24,+$47.41 shipping estimate,from United Kingdom,,https://www.ebay.com/itm/226085478503?itmmeta=01J4ZV2JBVJHE4Q6B1JZJVJ0MY&hash=item34a3bea067:g:BpIAAOSw2l1mFl9a&itmprp=enc%3AAQAJAAAA4KtDEReJyKOggjAlTiQ5%2Bw5yJRf3BLY2bSyHLdcc10DuvdLz%2FV3wHq61IDXMlU5WpLtBScBLe1qOZkF5Bi6TrIFuu1qMbToeEeBQF85O733u7zWosbm6UqpOhuHAOfiUAVAMfs2du1ruqC7FGR2SSL6%2F5GcgwbnoZuPxM5LW2hIB%2BPj4wvIbiioElMGS3FHA7SzGKU9tY2JBDVnYcwBdLM81jYrMkpt%2BZa0YGov30uiX%2F7LIZoMqLNP8ZAjXrUSlbHZkIbwdq2TuxMMZuOvlagJ%2BI%2BK%2BHrPhv8Uau1en8CyK%7Ctkp%3ABFBMgqaK-6dk
,Buy It Now,$6.99,Free International Shipping,from China,,https://www.ebay.com/itm/315058969557?itmmeta=01J4ZV2JBVKQNZ8GAZPKB82WGM&hash=item495afa5bd5:g:O2wAAOSwvnpmiLRh&itmprp=enc%3AAQAJAAAA4PQg8qBstx5l7Jj6sajqeIXntARF1E9FWd%2Fbs0OwVrHMgd9u2UXULpu%2F1AIN8iRB3OaOP64L1KbeueTerNvj5FRauiPwhs0cwxS97hwvjZOCLt5ZK4v5W1XB1nlSVcZRUqTpijzRaK0JxpKIBlNTZH6YV%2FGNK1p2LgPTPqgDAq3fE%2BsnU9RHVozVOb2SOxSunNVHoTnpRBWzFADqTbLuVEFMUfQ7J9b9mgNQudDXBWZ0zE2ecfdj2TBUBjnvfcSfi23%2FSi%2FsstH7gmpH9vWsVg0zAEs61aIvadw2BJhRSHsm%7Ctkp%3ABFBMgqaK-6dk
,or Best Offer,$0.99,+$0.99 shipping,from China,,https://www.ebay.com/itm/387131945726?itmmeta=01J4ZV2JBVCNQBYKVVB46JF409&hash=item5a22dcb2fe:g:974AAOSwGr1mfqKG&itmprp=enc%3AAQAJAAAA4KqcloqiIj88Wi1f1mZVuhxKaiuJu%2BBLeNSQ8AsFnDNe1YGvjI%2FE6eAawvZb3dcz8iCDI6BN9ehjDx%2BBhKzI%2FYD3Y1VVuPkFJrm2Diam6HCZeIyJ5PYm6Dpoo0g8hGRJcCkcRD%2BbIgI37ZYNrGwpD3MZJ0hVM52WBVIeHkvwVesEdHfysvuoQ6DjWFIPPB0uF%2Bsnp1iiGH%2FyVZCWLoii93UAMfZbHBq9o8ZsVuVvkfVKSZ8GB9K%2FXOVv3lfovPeHQ7N9yb1iafH1EP2ZcFJsEccrmnwmNafRppJx6MUn6ahI%7Ctkp%3ABFBMgqaK-6dk
,or Best Offer,$32.98,+$27.55 shipping,from United States,,https://www.ebay.com/itm/276577816026?epid=14059063332&itmmeta=01J4ZV2JBVS2X8MAEWDT3MV7R5&hash=item4065528dda:g:CKMAAOSwRTdmrM55&itmprp=enc%3AAQAJAAAA4G5a%2F7S%2FC9rYI1WCXe6NV1cH%2BmQCRH8aRso3sNszRJFfQyqG9%2BVj4Ug9hJRLTMUKg49iY%2Fni2zxgSg%2BtV3zFa1LymqZsxahD3H8lWete3mjNvpnq4%2BTIyadCb9mC2PlpehfhTs7sPXPeumllrHYkJolMc60df4cT9go9xdU1sn9E5c2P0Tcn0uPqP2yn2Pcy5p%2FIJl3FtPNq2YrOqjhzGqRTHfrmGaRVW%2FdsWXD8%2Foc3FgVKDvsuFYxz01b4FyQ4MUPm3kL3pieN4VCE%2F5MyTeGTdLaPq0flbdUmZQtl6CgM%7Ctkp%3ABk9SR4KmivunZA
,Buy It Now,$16.99,+$26.64 shipping,from United States,,https://www.ebay.com/itm/313315345082?epid=18034712779&itmmeta=01J4ZV2JBVMP4AAJH2BTMKRCN6&hash=item48f30cc2ba:g:krIAAOSwF2tfuwOi&itmprp=enc%3AAQAJAAAA4Fi0%2Fd8%2BzC%2FjKlPHlyuOGnUcQi85EwKxyJ0JINbgdGGzRpR84yot%2F%2BZhiL5RNMh7xvKrRY1PcU8i4QnbnkOr3sqFtUssbk1o2CSR%2F%2BFgrjvLvGSdp1V2d7NJ%2BvLovfqGSYMvMsiBujjxO79PstCte7Zy%2F3W0akWlzJRkfHlM1Jlt%2FF5cmkjJf96kYh2UErCIdc7qMxjKvMnutkG%2BaBeL4GsKde0pdpFYnIim9JUVZJBdMSNlSwY0IlZ94ivOcAgyLvI0B1laiPLfvPsbaPZBnd%2FIAahyz6Dv6owWMTGTFSTf%7Ctkp%3ABk9SR4KmivunZA
,Buy It Now,$14.99,+$27.02 shipping,from United States,,https://www.ebay.com/itm/226072591677?itmmeta=01J4ZV2JBVCJDM385DMCW6FQ7S&hash=item34a2f9fd3d:g:6IYAAOSwIsFmtm-r&itmprp=enc%3AAQAJAAAAwNF7aKQFN1KqjRQPrEz2AMwpxK1pp45ZnFT%2FXFWqVBZEEpwjNATVauEQ9ZogB0x%2Bjh3SGoIyip3nuoNE%2F%2BhwODgap%2BRomE%2BvIp4JX2E4KS5jLiXg7FuMFvDLWHzDZcIbkigCurtsXGtVpVIJs2sAt0j9tZ6D37SqqIQsfIUkJ1n9ldUPHtiEuK%2BS3XsW5%2B7BxPegVPLGKEDAhKpbsTuoSMQ1NX2SjQ5U%2B4cBlDiWoUqkejyy73LVY0VAhRUJaAELiw%3D%3D%7Ctkp%3ABk9SR4KmivunZA
,Buy It Now,$24.24,Free International Shipping,from China,,https://www.ebay.com/itm/395395623911?itmmeta=01J4ZV2JBVFBKDPQ6RBTMWBY3B&hash=item5c0f6a6be7:g:qIYAAOSwrghmVDb5&itmprp=enc%3AAQAJAAAAwL2yR1pt%2Fkyy%2BAGxhWam8%2F0%2FwahbsJUMeNUc6Hqm%2FKydYHcjpwPVeYchYIrzM19s8vFLOOWEp%2B2tr%2FP7eYaSdNl6Won5GKFwNpB9S4ZwFO%2Fx6S%2BwrPrMbwH4PasAs2TzEpeDPxKjOKPGGF6%2FK8jvXE0BSiqTedTVxSMZIDoYWQvYt6XzNZLJPI684wy9nnKWn11jbVoy93fowoU%2BW9N9nE2QtHxvmQAbvokaNS9WJDPA5MszBgaLdFcx0kPARtnMFg%3D%3D%7Ctkp%3ABk9SR4KmivunZA
,Buy It Now,$145.99,+$22.62 shipping,from United States,,https://www.ebay.com/itm/276297054937?itmmeta=01J4ZV2JBVD35H01B6HJ8KVJYY&hash=item4054967ad9:g:F00AAOSwjBRlriCe&itmprp=enc%3AAQAJAAAA4H6poncfkqTg9SbUBkz9pwvN%2BtQ34Z5ZHdUkGDC5%2F7C7j132kaF10niusyC4OM2aEddDMVHokmcLPJuxWdH%2F%2BWOogAEdKstQ6DjdpQi%2FrWVp4sm7DS42fKkTRKiD3bRr2hOXVPd7WhH1jAaIdEzJSjYfhWQ1kiyVpVIYZYU5mEO51XLPDggGvxRVdSM%2FZu67V1dE7A0fFoF8gG73rPoarcx4tCDnheYyssZB8HOkMTafCNoTtn7hN%2BPTO55tLuAL8Tq6oEYIqpiHK9Q12Mv87KWHTCHGRtVW6urikDMMrGg%2F%7Ctkp%3ABk9SR4KmivunZA
,Buy It Now,$44.75,+$19.63 shipping,from United States,,https://www.ebay.com/itm/285820041847?epid=4063199973&itmmeta=01J4ZV2JBVF3E776W8J1NP00XM&hash=item428c33ba77:g:ZY8AAOSwtgpmIWzv&itmprp=enc%3AAQAJAAAA4AXStGUgZAB1aak4ad2riScYrutzEmTSZckk1pqp35i0RkHBrACRSiF1P9V7YRlW%2FIV%2FXfswdJj1w383lyjyDmZFSqf%2BAt8aC9DYX7tdlMoK0tWunI7pDZFJR1wHO0WQhteMFTmOiZPAWE3I7lAUFpRhXi7tAdqI0JBBkuoCFHBKKQKGs1DB87hLSo5p61IzmaLtpHGmWWanMt%2FtxCDWy3etSqEsqZQnvSeTH81X3uU14jxf73fmDS0WmHJhsynbd86jw%2BBo%2FxS%2F8ARe2sLT7qqZeQz5LchCbeUsEmfhJMzN%7Ctkp%3ABk9SR4KmivunZA
,Buy It Now,$0.99,+$1.99 shipping,from China,,https://www.ebay.com/itm/387121181412?itmmeta=01J4ZV2JBV84VGQGXJTDMNZ1DW&hash=item5a223872e4:g:3oAAAOSwFBBme61H&itmprp=enc%3AAQAJAAAA4Cdi%2FKvFIP5o2%2Fwo7nbSyKBm5oEfxq3R%2B1PuARjHltZxR6sQkw4yrB8wgpyGhc3IbDG%2BQe5PDW1G51OrRoaTQkJHgZOkRRUVSLZ2y8qDsOOulfucCF75P2QruuVtmHUkWiuKGgQ%2F2%2FGMKHLpibh4i%2BnaMHExpuN593XF%2FzrWyWqtG%2B0%2FGvVZmfl2hukeiIc2CioBJhHusddv3QBW5WO9Hz21qSVzVJEB1zAe4U%2B8jtOVLELyfzbCYBagDRtU6as6xcMzHaLMmCFbh9mHn45rlIfkirV9VTE2QIgRer0VAlh%2F%7Ctkp%3ABFBMhKaK-6dk
,Buy It Now,$1.59 to $1.99,+$0.99 shipping,from China,,https://www.ebay.com/itm/387182655746?itmmeta=01J4ZV2JBVAT5QCQNF5MFHP5FA&hash=item5a25e27902:g:ZZ8AAOSw2VFmjjCW&itmprp=enc%3AAQAJAAAA4CS%2FauxJgjD%2Fii3v7bLxLBpsIn3wEF5u5SnILXr%2FAw9m8pirirCEnhaRt3603ywMG0eSkvLniBcpozymiw48VEXIGBYyBQD35CmuCb4WRF9cV7Mg45gqPB%2FP%2B%2B4WTp9rwIUoSIku%2BrlsYkk9EdOLqKoP%2BKJpzoz4MwaPUFjkEjgs51wi51%2BWy9IAeDA55MjmeJilVPivLPY%2FNvnTeA3jxOFsAkwwwemxq8ui4A%2FHCftiZDzgFKJqf6QZGtRcvFQzxgSR0Kqhb1tACyHRXguIvyhmMVSokVpIqGUjxkQRtu24%7Ctkp%3ABFBMhKaK-6dk
,or Best Offer,$7.01,Free International Shipping,from China,,https://www.ebay.com/itm/155619080514?itmmeta=01J4ZV2JBV7A3YMVJ3T914BH08&hash=item243b9eb942:g:E6wAAOSwYt5kjb6b&itmprp=enc%3AAQAJAAAA4JDlGpGTPjjWzLMZXE5qhxs5QAZrIfjbFabOxJcY%2B0X9xgHRkTPnJdzCs%2B5wiHTrk6DH4vLBCHhJCzMFJ1k40DIhm702%2F3avuh8uLeGH300nIQm5a%2BK6vijREhNJ37wi6Cuyj5I6xFJOJSURxHEMlFsLInADB%2BqL98IsNugEylPwcqge6FVHTou3%2BUnvB5wCNVn08fPv%2FEjMx7RmOJLW0TRaHl9cshQaD3ChhOPWPAnVHVrFDjGmV93YyfKBcjB3nPNdzzyAOIMjcsJv9ZqmvfhUDK8aJcuIGNuaszl7b2oY%7Ctkp%3ABk9SR4SmivunZA
,Buy It Now,$2.89,+$0.40 shipping,from China,,https://www.ebay.com/itm/274979662368?itmmeta=01J4ZV2JBVA6H55Q06BBJKQAPB&hash=item400610aa20:g:DzsAAOSwM0Vd60Au&itmprp=enc%3AAQAJAAAAwGvqdYhTLLjfMtAytCmxX8ErFXU2RzFCE58QYo62BYBmi3th%2BCW8ZNPUMCpnfWkNZZmY28t8s52xUq3HYDXk6qUo52q6m3B54SftJ8gy89a4VinrWYOv74Hp4CQIdqqUd%2BOrUDKBAdRdMAzecQuIU%2BB1FM4FUSQxERQdhsdzPcpxno58BI0Ntc3z3Rpkp0BJM7jexZdb85hhUk4p%2BHVmxNdfXbC%2FRG4SjvKOqY721pHuT0ezYEan2F9rE%2FAI4rr2RA%3D%3D%7Ctkp%3ABk9SR4SmivunZA
,Buy It Now,$20.39,+$18.91 shipping,from United States,,https://www.ebay.com/itm/166842475558?itmmeta=01J4ZV2JBVWA3FR3XC1QGMYE15&hash=item26d8962426:g:ZosAAOSwRh9mfG5r&itmprp=enc%3AAQAJAAAAwB7W61FKqF9q4m34Ey2hsRBQx4T9NDO0txqlZu8%2F2FBj%2BAiUm6%2BV4Lai6OpMERxWc41vWLe6m9sxWChmqOPfBqmqfW%2BPj7rwG368gU7hCrz4KRx7Rta0VIPvGn%2BDfsCfvymO%2Bof%2F83Q3yXT3J9A7ci%2BqqFSEpPjEfAZZmjjfvDzzXZs0%2F125L0Q6sCEuRfffW9O%2BJEkXLv16lJLg35bNkh%2BQu63iLVlD%2BM2%2F39247DoV%2BqOmcj8vVUMy8D1VMaI3bA%3D%3D%7Ctkp%3ABk9SR4SmivunZA
,Buy It Now,$3.04,+$0.40 shipping,from China,,https://www.ebay.com/itm/355328661190?itmmeta=01J4ZV2JBWR3GPQQRGW7PB3MKY&hash=item52bb3d16c6:g:OZ8AAOSwfidd6ce~&itmprp=enc%3AAQAJAAAAwHsKFHU1PrW0I%2BKOduSCNV1YrcudIB7GxpNwqQfiJJbeGUIlFEKud6NzQQvWWuTAX4bZdkghpd0V4%2BUA6XbfOvbOQfy2XTY%2Fg2I4Bf5Vjwyfoyy17l4PGvxyqqCsux9ydV6fOhVQQcfL065tE%2BVCokhtlCUctJ%2F67Ppf9G%2BaH4Ryb4Ej7qz0f%2B2HnyiEVtRMYiDebd2%2FqHq3unQ0bggnD5zyM%2BPxC7P4BgMgOZXJVcn6Z0oDgUrEJJmNHdKY99T%2Fzw%3D%3D%7Ctkp%3ABk9SR4SmivunZA
,Buy It Now,$5.99 to $9.99,Free International Shipping,from China,,https://www.ebay.com/itm/125417236524?itmmeta=01J4ZV2JBW9Z37TTTM384XSM11&hash=item1d3373282c:g:ka0AAOSw76xi0MaR&itmprp=enc%3AAQAJAAAA4HYr9nWJFlpzp%2BbPgr8lso8ZCUMThHv4n0cT8LRIhEGt%2Bai5QT7hviJN3HTIcfI6YcnNBv1iTNF%2BNIvMPkaGb3kr7Qb5PH62GlQ%2BadNz8WKXKqpowNp78CGzzTOtsnAdLeNQfTnT4htrYbI9Y1LLMbJTznOJpyzM2h%2BlC1fKzG7ZPnzg63FHEIVMAQPqrJrUYJ950i432poIYux0ma4THQ%2BL9K6%2B2n8lQrTDcv5lT%2FC0IoYn5TBLhLF0kKxVgUw1Zy0rSayS5p2fR%2BzwTA%2BmBrEbV7%2FtsWMYHiMxeNlJpSmB%7Ctkp%3ABk9SR4SmivunZA
,Buy It Now,$25.51,+$47.45 shipping estimate,from United Kingdom,,https://www.ebay.com/itm/126557786960?itmmeta=01J4ZV2JBWDY64YCC1RBSAHGYE&hash=item1d776e9350:g:SUcAAOSwg-lmhAvm&itmprp=enc%3AAQAJAAAA4GYQLZjHDwEmqLrKAOabI9L34KlBZ9gxZuy4dpHGVH35tqix3e6EbDaFgLnwD3ormDGKIWZPxqzgyID5keOZnmRRuX6rXl8ZjSydNNF8QM8aIKNznVkgJ6nhZRIuw%2FfCEwPmwy9uO6Yt0gkXoLELAdQvrQW0VuXJq5zATfwic49o3qIf4QaFLcNq9LvbKPT0yUsF1ccs8rcYU0GOOt%2BimRwiIvrGqNMRO91oBgFzNB9cT9D%2BEAhpPyYvFh%2BCpDTYhNmKoxqD2eVfP5gAueizKNgsweaXBosDihgZRfM%2B7UWQ%7Ctkp%3ABk9SR4SmivunZA
,Buy It Now,$39.95,+$19.49 shipping,from United States,,https://www.ebay.com/itm/185441940539?itmmeta=01J4ZV2JBW8KXX25X3G0HP7KBQ&hash=item2b2d33743b:g:5ZcAAOSwfLBi-Ufi&itmprp=enc%3AAQAJAAAAwMITcnQkp61DUIGsH2L7M9BjqQo5NoLXFW335G3jU8YpxweebtP37g8G7aYRJ1%2Fzb1D55C6vHQnOJkCqW%2F89F%2B9t8G9cvoS57V9JLPZiuLGPHPqU4MVLOHVx5ZPM4BzBbxjwoDw4htcdV1u5Won52ltrnyXTeBBX5l5mI8GSLuyCZK2XiEUqyt9ZRlN7uNezMr6iHHg0C0efH%2BzJgIYyFUp6RFJd6kFondNXDOYDocpy%2FZqvHxkFY%2BNpXEcJW2itfA%3D%3D%7Ctkp%3ABk9SR4SmivunZA
,Buy It Now,$0.99,Free International Shipping,from China,,https://www.ebay.com/itm/335300647892?itmmeta=01J4ZV2JBWEYGJD9GVFDF51Q01&hash=item4e1179dbd4:g:WoAAAOSw8ARl8SQI&itmprp=enc%3AAQAJAAAA4KhKQ9rRaemQ2uvFaCidbdZnzT7UpQ6JGv1CzKoKwlU0WDQQVRBy9eS1EVU%2FzvP26DHTjv8ly5csFQi4ZGIbcRRQ5KxjucAZCBdDepmau5h0mDnaoRPIco5JheDropF%2Fcnu4zPQ6lClDPO4EJxyOzB8MNslR2SM9lYRMLK7yf1dyPV94Wm0ySiVhFeFy5Uezj6JO7kDLzoy27AlkZ7Mcavd%2BJGP00WBkoVtCP5i1BunbFl67L7hdhR%2BZhKfTNikw%2FtLkuBskh0gFLdxBAERnkw4xUvk6ivsmTH8Br1eikyHg%7Ctkp%3ABk9SR4SmivunZA
,Buy It Now,$12.99,+$26.96 shipping,from United States,,https://www.ebay.com/itm/256472226190?itmmeta=01J4ZV2JBWT63DV7E7KAQG32MP&hash=item3bb6ef998e:g:P2gAAOSwAkNmCNBs&itmprp=enc%3AAQAJAAAA4IUYVCH2FqWPDmW3IgbfAaIAkf6DO2M%2FkNKXdgQOzkGB0bz8N8Xynz8o74bjz8VUVRP5XEL6wSB4MAMo%2BmvUA5uk8XjOwQXNZxnaNOvjaEtSUkjpT8Fhi37INlPCr%2FP364UllRLUhv1cMXnDCL%2BypsGJEHKJKCNTHpKSDSs%2BXPYhsjuaDQ9vCf5A2tlXyZWlJfXwdumdeczvcMgVxt6rZHmtTxT4S0Ku5372RZf6NPVLzYdE3GUOaQnEecTcrGLEGTOkdmdQsdXNOXCpebKyX1juJWvI9pFEGIMPuxZH1Rjl%7Ctkp%3ABk9SR4SmivunZA
,Buy It Now,$119.95,+$21.85 shipping,from United States,,https://www.ebay.com/itm/125875358284?itmmeta=01J4ZV2JBWGANJK74R9ZV2WBCY&hash=item1d4ec18a4c:g:CbsAAOSw8RtjBCCd&itmprp=enc%3AAQAJAAAAwIxbiH%2FEHbPwSyxOmf2L819VIZw7XSUf9qEWipILfm4jP3gNdNyjCYbkZLHz1k2PnAluoz2gdArldpOqteLL%2F7e1lHxm650HOHRWJpE1Au42zRzxGF0CEXAvNcXWNj29WRXqTZRMMhqo5eNmDc10SPnRVzcIqgkhsKp76LPIXOXeS3qB1RtngbwQ4XIaJxcKa4wvlWstSPOmUiGZU%2Bz34tmrInB9Wl5FZULWQg8x21DqntSEj4w2SDt6xYm4oxwLhQ%3D%3D%7Ctkp%3ABk9SR4SmivunZA
,Buy It Now,$1.26,Free International Shipping,from China,,https://www.ebay.com/itm/315378781763?itmmeta=01J4ZV2JBWJCDAS13GYHGNCBRE&hash=item496e0a4e43:g:cdUAAOSwXO1mNDuN&itmprp=enc%3AAQAJAAAA4KYuUzn1vYtCqgYsiUpm8L6%2FZHoXNKZG4AcIdYymdL5pQwLlEPgKJ01rnr%2Fopuq1TnVkbEN2xDNm%2BLuVv%2FzMn21WPSpay0kX5qQnweZIp2GHthatuPbvMhWVTNeNeJS2Zrqzbb1Jz%2FhuaO0lEstuRNjKHM7%2BpDby1ZseuZpztZJG83mn9Qr%2BNIruJLTjb5UV3GvAXzQeLTtKIh2XDlrBj0lTWJglXZBGZi1ZSn1r8fFopd3hR08%2FIYSUYlkrmWIX860t385WtSsP%2BhtMB3m%2BphM64ubZ9rZ4ZyIazeiSvP2w%7Ctkp%3ABk9SR4SmivunZA
,Buy It Now,$6.99,+$18.52 shipping,from United States,,https://www.ebay.com/itm/162105586954?itmmeta=01J4ZV2JBW40N4WGH5HSC207QS&hash=item25be3ef50a:g:r74AAOSwvdhf~IYl&itmprp=enc%3AAQAJAAAA4DzBKU1EvFg6fCtCYwHhazf%2BNFJXMXxD2Wcw6fAt49AA74oWjtS0YsHcUJ99pA25SOieNA4fDdOI85pjbqgKr9lLc%2FCFnfZJxWRJ9qGF8KDY88hf%2BC8MGMrpdHP%2Bz9ZQyFrNEcbpbXOkhVe1WR5riPb%2FHg1s%2BiPDjQwfxYaE%2FMbkqXvcfwWKVyit%2FUzRTB11CImVW6d%2Fl%2B5Pp%2Bq%2FGX%2BG38CLjMjquA53KjP%2FUOkKtp0Jbrgqg4r5Eq--Ysyrd%2Bme3wjWLoZyioNCLmTC%2FLGEhZ46aHVLOUmIzf9w0aKhNoxl%7Ctkp%3ABk9SR4SmivunZA
,or Best Offer,$9.43,Free International Shipping,from China,,https://www.ebay.com/itm/156205100331?itmmeta=01J4ZV2JBWE1B9VRCR9JKGQTT5&hash=item245e8cad2b:g:vcoAAOSwxHNmQXlO&itmprp=enc%3AAQAJAAAA4LcGv0hfiSYasMFBhc%2B1%2FkpOwB3fq5vtUG8iSkPdz50bgdpv8ifGbjwo%2FiMoe2s2HqL72Y3XrsizjnELWW%2BE0JLnS2tbZJWN8m5YwF2QMEnRo4wMA%2FagI5NjtNN%2BCeS0S%2BZuySrViaY3NknwyvXx95Z3mUG%2BHLaG%2BP2PnQz%2FHyhk6NtIYQLGIZRcLtJav9tOyx0IPAQMYw3lfihRR6WgfiQ7QRBTbok1fbmTAZ8k6O7scZH0u%2BkXkn5z5KEzsT3lvnzqXES8MPnOJgFHybju19bSxyGJQlnGT7efhnAp6Ji7%7Ctkp%3ABk9SR4SmivunZA
,Buy It Now,$42.95,+$27.84 shipping,from United States,,https://www.ebay.com/itm/196429522026?epid=24048604684&itmmeta=01J4ZV2JBW8G4D1THPSD1MW7PG&hash=item2dbc1ca46a:g:apwAAOSwj89mjI5o&itmprp=enc%3AAQAJAAAAwAcJef%2FmEYV%2Fn8ADgVQYJf9J6LmRIByOsc9SXqI%2FxlQsUe%2B8Lpo4Nb9roM1CVFXGB37K8sOqSvLfl7xibekcO4lV2OIaMKewFVGroW6ebsCJ6QWZPLuRgQfl1YFW9ZLMWXj9foqDOL2tzJlIYBZWuRAY%2BZHEggMLilIYC4yKzaAqZZ%2FJzN4NrPt0xvW5dVNHxjUru95Fqb37csL0U5vjerKeNNu22IUO1iiJgds6VCQwyNBwItx3oGuRH3R3JwQitw%3D%3D%7Ctkp%3ABk9SR4SmivunZA
,or Best Offer,$1.65,Free International Shipping,from China,,https://www.ebay.com/itm/126516620658?itmmeta=01J4ZV2JBW3GMRDJAARW0MBCDW&hash=item1d74fa6d72:g:ncgAAOSwDStl6mzW&itmprp=enc%3AAQAJAAAAwHF3CmEc2gg%2F5RbG1QpLJLNLtZhBQDKz5PESlc7hFH1c0LRD6oo12iGoCQksVeZbQdZ3hMInTtUoCg%2FMrJ5B2UzEOuOZgkD8Ur4Z2kJyGUEtrM3EWszOGPvnPpZPeoDxn02JMOLmnNbZyojIly2e%2Fs70aAN03IffnIZR5BrKak89ezdXvKFzsnGJiGcHrikaMK4OPIwGkT0vIas1q%2FqGY9a%2FzVFTh3bFqVlb3pJPu7OBPEqsYFOdaTiU0y2djHpcIw%3D%3D%7Ctkp%3ABk9SR4SmivunZA
,Buy It Now,$10.20 to $10.27,+$46.93 shipping estimate,from United Kingdom,,https://www.ebay.com/itm/305720839613?itmmeta=01J4ZV2JBWF3MAH39T19XVH7AE&hash=item472e61cdbd:g:qO4AAOSwnLRmtqTT&itmprp=enc%3AAQAJAAAAwAKTJyuLmjNReyDt%2Fo3PjFfYO9pkD9I5YK8yREtTFWNnsqHGz5KTWMZwnGKGwmsNyjojLAI78Y1CZHxXMmM2T%2BhU8exH0hwH5tEESRXFMslq4YKv3W03%2Fey9TgeWOHOgAVxWiPU75dEbbo%2BcOYEGaapsyGMkhNKsIob1DgOImVF1nqGZBOkBhB8zzTC7XkEICYZ%2BxWSW1YgHgJOnuetNnmZPQ6v%2BB95N6275JSdtqEKgbis5SmBjgVjJkteCfbuQFQ%3D%3D%7Ctkp%3ABk9SR4SmivunZA
,Buy It Now,$24.99,+$27.31 shipping,from United States,,https://www.ebay.com/itm/325792996056?epid=15062814173&itmmeta=01J4ZV2JBWYDZDHVDKTNKXMK7C&hash=item4bdac69ad8:g:lsMAAOSwf~Jk7rr5&itmprp=enc%3AAQAJAAAA4HHIhfsphuzsePYVBqlYtSw7%2Bz6VHEca3mTXkPbjTQ8FbR4t7DD9z%2Fo4OuxGq1vPj7TLLdrE6Osm%2BsPd9UQ317JnIimBZabd8OSOt%2FNU3r6Z8Svas6%2B1saV%2FU43NyzPTESkNIW9XSs5wiqvgMaqBKSAwFh4fDVpxqny%2BpoMepQMoYKKOkuhPIu%2FB6qM6VWw5lPs0Dc4kRxnCqUeCKc0QxfAuZ6OVS6PgEFLRGGVNnPoSawNUYDnBwkdk2yyK9cZS4BrlFMmG57SWynfqh%2B1kHFvA3d5ShmtmwjUSTWR%2Fw7LS%7Ctkp%3ABk9SR4SmivunZA
,Buy It Now,$1.59,Free International Shipping,from China,,https://www.ebay.com/itm/386302326124?itmmeta=01J4ZV2JBW6K7TFG3WHTQ8ZTP7&hash=item59f169b56c:g:-SoAAOSwtx9kMOW2&itmprp=enc%3AAQAJAAAA4Mlw9gNE%2BSYM9w4L4TEGBqL%2B0AqJ9IBQAt980eMIyO4JYrcw1T70DQHUV%2BZCB%2BKbpTgr7LYFu9HPlZKznS1F%2F9AV4vqObDjCSO7e%2FTPWAOZHpc5sbwNeC8DwS%2FXiZMK2HV79Sa8c6Q2RKQakEeUcLFvkG21UyLajXW8TssMFW9qoX2L736sjwrV2IisITn5SlIBa1n%2Br2NaDuWfy1ioq75qaIrhNE%2F1rkoAi%2BgykXeVbBBIhwn%2BUpF1l6dAIsQ3nzyWakz6wegPqrY2nzsXkmzVbibftv8Vzem9GmkuiHrRE%7Ctkp%3ABk9SR4SmivunZA
,or Best Offer,$34.99,+$19.34 shipping,from United States,,https://www.ebay.com/itm/275775767090?itmmeta=01J4ZV2JBW8WFXZ2KB3QWV3Y1F&hash=item4035844232:g:VIkAAOSw7kNkLwMX&itmprp=enc%3AAQAJAAAA4GQd1QSB3RxaEMwe7Mw2Xki3Z8lP%2F0yUI3wjwNNRzmPowqOia1sIRpZH%2FdTB3LYzPCL3JWQCd8bHQvdnncLEsa0njJG4%2B71ylaU26NVFzIE2jYFbluPnog2v1wYEJxrf99I47C8XG5hurvoQcBh0TSdOAu4zeCVwm%2FqUdVt%2Babyr%2B%2BWRgXk2S6DEb3kfD%2BlAANe550TVuK1FzyIyFTyn6R5JW0Dw%2BP2XcImPT8pkzd7PGYFqXIe7vbj%2BokSVcoAGxBBxAgWssPQ%2BumhSU0UJzq%2BShOHRvnZ%2B%2FZOsAFJuevON%7Ctkp%3ABFBMhqaK-6dk
,Buy It Now,$18.40,+$18.85 shipping,from United States,,https://www.ebay.com/itm/335251351456?epid=1113401136&itmmeta=01J4ZV2JBW88YWD3XMBRNZB17T&hash=item4e0e89a7a0:g:QwsAAOSwRkdjauQ5&itmprp=enc%3AAQAJAAAA4DyHtAt1HdNOkV5IZeRWSgyjWH4s8x7uNH1cTqgK6UUaWhQb2NO%2BrbWKMOFQKeDLxRYqcdwJi097kTyFcVMIpS4c1N7gyI9PshQn280eEjiLgIowxIymMHhgEop98e0wlU180x9F6PmvP1%2FqnsQ1HMuHjXJUtmSNGgPRdhDW2jknYMIw7kUtrqRTp429d6n35osYc1uAe7Ihhweflxhzan1gChxP4yqsGhv%2FAmF3TvlFQRUbOGSJAyEWMAeoYZ5EQsLnH9JGlYLicGK%2BM4HXuXjYbAdsHpkaPHvucuc%2FrAj9%7Ctkp%3ABFBMhqaK-6dk
,,$20.00,,,,https://ebay.com/itm/123456?itmmeta=012DEW30YG0MEEKND7NH&hash=item123546:g:acwAA9KNiJowH:sc:ShippingMethodStandard!95008!US!-1&itmprp=enc%3AbgepL1tlUHjMGCVfSTGJh%2BzsVKeJ3CQk7NizDI4BZeppuFnmyS6Ijyp8lh%2FnEw%2BWqO7uTV1Q6izE1R0T54aV8j71F4xlWfVcGft4%2FiOQhtqVXA1rW6M1atPARQRmhqUxtEPJKhKtSFgI%2Bvwlzb0GwVCtkp%3ABlBMUObkmabpYw
,,$20.00,,,,https://ebay.com/itm/123456?itmmeta=012DEW30YG0MEEKND7NH&hash=item123546:g:acwAA9KNiJowH:sc:ShippingMethodStandard!95008!US!-1&itmprp=enc%3AbgepL1tlUHjMGCVfSTGJh%2BzsVKeJ3CQk7NizDI4BZeppuFnmyS6Ijyp8lh%2FnEw%2BWqO7uTV1Q6izE1R0T54aV8j71F4xlWfVcGft4%2FiOQhtqVXA1rW6M1atPARQRmhqUxtEPJKhKtSFgI%2Bvwlzb0GwVCtkp%3ABlBMUObkmabpYw
,or Best Offer,$24.24,+$47.41 shipping estimate,from United Kingdom,,https://www.ebay.com/itm/226085478503?itmmeta=01J4ZV2ZAPTHYQTNYA6K4J1WZC&hash=item34a3bea067:g:BpIAAOSw2l1mFl9a&itmprp=enc%3AAQAJAAAA4KtDEReJyKOggjAlTiQ5%2Bw5yJRf3BLY2bSyHLdcc10DuvdLz%2FV3wHq61IDXMlU5WpLtBScBLe1qOZkF5Bi6TrIFuu1qMbToeEeBQF85O733u7zWosbm6UqpOhuHAOfiUAQGSGCf%2FCzwAuTAS3qIMiRhlfES2mE0UDEsHmRDbWu19YYNH20FWnupJUa8mCd%2BV%2F4%2B3uCpU7XYGH6Zu%2FH62DbuYaoQ9bGp9QbCioI6ABr8PzhUNaqecMqYdP%2F3U%2Fw3viZS1Zc%2FDchRtg9rl2s5YrcHnP2deChKZbh%2Fzga%2B3CmFK%7Ctkp%3ABFBMuvWL-6dk
,Buy It Now,$23.69,+$6.58 shipping,from China,,https://www.ebay.com/itm/186167406211?itmmeta=01J4ZV2ZAP7EAR89A8SPT2BFTF&hash=item2b58712e83:g:wmUAAOSw-bViGHpT&itmprp=enc%3AAQAJAAAA4BGPDaTu%2BeUH4nW%2FnNQJTLzZd%2B%2BuHA1Yq5awN%2BSAKp1%2Bxr7j8OC0pnheDpdKDWyCGKoU%2B4%2FjN9cs%2B8NMNOQSjuJD4b%2F0Isx4FGxGV7x1re2aVetmZ0a0jX9oCqpAYEgziGkP8VaxAZBSRd3XMkcD4%2FIdKlCShI47c9iUorp6H1ZNr4nR5egsm1WJ%2BiSsQwiZ%2BGKwoqDuhIph2fKqPREAVERVQj%2BQTutVXRh4fp3JczhdW%2BVMLfNdCSBoHnIWVqiAI%2FPRLfJKY4FpZW7vmGOqnNBi85OiaUB0uWE9u8gzuetI%7Ctkp%3ABFBMuvWL-6dk
,Buy It Now,$23.32,+$19.00 shipping,from United States,,https://www.ebay.com/itm/384343398732?epid=12051616704&itmmeta=01J4ZV2ZAPRBMZHYNYZ14X7JJM&hash=item597ca6d94c:g:UdYAAOSwoQtki9nx&itmprp=enc%3AAQAJAAAA4KOiUN9uoAmxmwKoWfUyom3rBs33sNjczRM5duz9ExVq1vZKTDIR%2FD2vYmVzGNsme%2FNkbSZ7FSli9YdjvQINhVl39OLvUWM2kb0LkyZs0jMMaRwwik40E8GQjO5g4DeYXUEuk6yobZliYFZuaACaeSX3gNKmQlZRmGRXNGImhUBfJDHKf4h8%2FjdlxQe9OvkHxKg7i8qlxm3W7bawCpQvEQBg%2BrJdfldVOoccIjZHXSkTlQUrEc1LCJNFSpKrDwfpOzSmbbWCxzMBo4zweoZHIF05vH%2FnLtV006m5fhFsvPSY%7Ctkp%3ABFBMuvWL-6dk
,Buy It Now,$16.99,+$26.64 shipping,from United States,,https://www.ebay.com/itm/313315345082?epid=18034712779&itmmeta=01J4ZV2ZAPBR4J0N3EG6J7C1CQ&hash=item48f30cc2ba:g:krIAAOSwF2tfuwOi&itmprp=enc%3AAQAJAAAA4Fi0%2Fd8%2BzC%2FjKlPHlyuOGnV9Kc9KQeeG8bCmZyR9MoW%2BXcJAwhXgrxi84f7JhMvPtDQtc0ler4WtIVg5yWEOhNCpBkJM%2FYboInehXsgs8sM6ocNgm55UhpklLVSQdoewdTohnj3vsF%2BZv7dEYwx1q1c5Ix9g193LkMaZ2Rm8LLWSZH0wQmEvIujI7J86zO05ltxjoRpd9Mv5tA96CVCgnvprVlwDbVehW01YdVD9RNPelzL2c%2F0vhkei%2F56dMKzIOQFDEg2JOMzjTBDGIGTbvomRjpDvnPJS8wJy4T%2FGK8u2%7Ctkp%3ABFBMuvWL-6dk
,Buy It Now,$1.26,Free International Shipping,from China,,https://www.ebay.com/itm/315378782072?itmmeta=01J4ZV2ZAP823V6XX1J9Q77MAW&hash=item496e0a4f78:g:~WcAAOSwtBdmNDwO&itmprp=enc%3AAQAJAAAA4ENJn8cTxfVEjkqJGLDw5JxurWCaNrRUjme%2FhR8LJ0m1bXuLPAcoVYWxXV%2F2zdsoQOHzultabmsm5EZA6%2BzVYbekp%2F68FPyVSKwi%2FLCwoFrbLofRAJdXGn%2FmDBr2DdKfjW3xNqijuJ4KmCBYtFyACcOwEGAFDfDqE7Mi89WYEavJlvjZXpEZgMF6nYkiT%2FGRx51NEDWDPR9Pn8QWrA%2F2MFPvYr91%2FOvHLJgiEXi499Ypo%2FfnuWYCOFwrXWs3Je8R4vgg9vr8ciA4r6GYu0p5SCdcqm--XdvLFOja5ms9AZ%2Fx%7Ctkp%3ABk9SR7r1i_unZA
,or Best Offer,$39.99,+$19.49 shipping,from United States,,https://www.ebay.com/itm/305635914802?epid=7059156431&itmmeta=01J4ZV2ZAPX1KS6QGJVJX257QJ&hash=item472951f432:g:Hh4AAOSwkpFkga3X&itmprp=enc%3AAQAJAAAA4O787gdkUrYgvZioy8Cuxn3Sq1%2FkYmDpAAJpjyg%2BG6kWH8V%2BEK%2B%2F3WvJugv9x0ZbIQKbP5mzNRtxnWm5vhOa1kkE1Y%2Bm%2FbP8XcLn%2FbxSHb8Cc4l4lYAuzgEwP0nqaaBcQoUJNDL9AxXCvjYd5qhj8wl81IKn8Ql8cjmK6H8JXlK1BrJoXboqbC4rUeyC2MaP4I2RDMl3tnyN74knuoh98ggbXtRg6hdKsFq1QDxgnkMc5Qlzl6oBPAheXmP6uSFOSM4VN9VebwJKFVXcl5IdY2LIhF559hVY18dPxyzMn99O%7Ctkp%3ABk9SR7r1i_unZA
,Buy It Now,$3.39 to $3.87,+$1.26 shipping,from China,,https://www.ebay.com/itm/305666036861?itmmeta=01J4ZV2ZAPHF9W6MB4DV3VRKK8&hash=item472b1d947d:g:rqAAAOSwi6Vk7ufn&itmprp=enc%3AAQAJAAAA4LPqaYt82y5gqKofWJUh01dItiidl8QQS5GKKkr%2BTsHom19ADpqSCx8lHpeAFF8EAmyJWGtEiUvAqWCxS5cKqIqGeJNZS1JDUnYZQzKvT57oI5r2DEOvoh9AcwLbpxsell5mIJtCdYErvuTLyJeyw6ZR749dyca8sW3cezm%2BJ6hrdzSvTdmf9iO3djtem%2Fy3mzPZ6OCrwBr1p7h3Xop4hkrDVqAchsosePBsTszz5kKKGU2DG%2BJHYx72Kr5gkxYEI0frH31tMPSsXdDjvxWTNI%2FQj7CZsGFlJEAXs9j6e%2Fkx%7Ctkp%3ABk9SR7r1i_unZA
,Buy It Now,$18.89,Free International Shipping,from China,,https://www.ebay.com/itm/333862281312?itmmeta=01J4ZV2ZAP11YVB3JYM7963FYY&hash=item4dbbbe2060:g:yo8AAOSwZq1gBlPI&itmprp=enc%3AAQAJAAAAwB8yaDe8RXpNN6acz%2BNHIkOnMEjsoJipy7SclNm62RXC1pf43iYSQh%2FjO3SeggQytWDIRZTPcsq6iuU3nmwHIz5q%2Bx8WAd4ydWAyCgkA%2FOlPbuz%2BLJPQjdog3ILGQWOdUNaayEnfHooROFKV7ppiGojYtprL7ZBvnQ3t7jwpcoA1hxWVNb53jA%2BSWP%2FWEUVrM6FhKZjwxcJcuVBdHMY--Y0A%2FFYIxEjA6TOODfGdtm5BIlBaGwyZdENdxAAaF8V7mQ%3D%3D%7Ctkp%3ABk9SR7r1i_unZA
,Buy It Now,$6.99,Free International Shipping,from China,,https://www.ebay.com/itm/364835315316?itmmeta=01J4ZV2ZAP0BYC73ZD7C57ZGJ6&hash=item54f1e11e74:g:JzAAAOSwgHJmFjDF&itmprp=enc%3AAQAJAAAA4CX2Y4xyPVp6kghrqmRqLmOHz4eUjHPEcPV6AD3wdB3%2FmBHSGJZqOHpQbk19tSlF2s6VP8oQzr%2Bw17mThrsnxRNm5BYEYhLLhi05IMGqR%2FPnsBiQOgKAHWdQc2qb2cpZpsn40xGquiVkK2BeGOpM4d%2BzsP4TWvB0zzfs%2B%2BEG0%2BkS%2FUKY3xEkAYYK8Q0g5fOsvqVktUDoH%2FXKHmKpHEF8pYtkFkdRQ5CYxOQVpJuLPY5s0t6s%2FhbSe46ORkSUWgrCfNMUZdBSVFatcT4Fn%2FlH0lsD5MYczm87ARwTFivJwMyK%7Ctkp%3ABk9SR7r1i_unZA
,Buy It Now,$7.99,+$18.55 shipping,from United States,,https://www.ebay.com/itm/155715034946?itmmeta=01J4ZV2ZAP00MPKVNMJZHDQVAE&hash=item244156df42:g:uT0AAOSwx2Vk1qSo&itmprp=enc%3AAQAJAAAA4D3uleTPcscCzpGllHPVfF8qE4eyRx3e0HM2UPZQ01vdLJIfH8yvRNv5YRnqRTLSKcmSWSZvEJRIfInYV9rPjs%2FcE%2FCcVVrP3KNqxjEUaj1JBFWEhh28OT0eKpipLpWI%2BfHP7NJVHB4r%2Bqaq%2FeT3wyCdL3N3YyX7bFvMSfCs00%2Burlv%2BT3oh%2FgM1qxKbnlv1gI3bdxhpEzxbNxrOAGM1OUrkOK3fmvEc4PU%2FvFYXhCsXkKywubGDxs5F2KHbazBbxExbADjbBXIyj81QtM6bg4%2BDcZaxfuPKShPF9o65oVYG%7Ctkp%3ABk9SR7r1i_unZA
,Buy It Now,$229.95,+$25.09 shipping,from United States,,https://www.ebay.com/itm/126573812131?itmmeta=01J4ZV2ZAP7CA196MD7HYC25G4&hash=item1d786319a3:g:2dEAAOSwtx1mkaee&itmprp=enc%3AAQAJAAAA4LRsTyg0AtJxyZaqTIBHCazW4TcdaCp6FoE%2FzVlRJj%2FC7dnoyJBCXickrbg6pDkqax80QD7bN14QWo29vt9IAqbJE%2BsWbuGlYdT3LSs%2FWpHqVFQkSU5ct%2BITFp4HerFR%2BLe%2BWjMq2GmKMNEpWWqnsO4UrxzGOK26ckXdmhUf9M2dqmfegjI0NIGPvQFKHeZoiD7Jg6rnJE%2BfofxgST4%2Fw6Tiy0MprwFH3QCXewwqxuKEBDeVXM5Jnd4fFfKBNI82Bo%2Bc10ubrA3i3r0p6jHdqtRiRxubTMukUWC10kJajVXn%7Ctkp%3ABk9SR7r1i_unZA
,Buy It Now,$30.00,+$19.19 shipping,from United States,,https://www.ebay.com/itm/235425329067?itmmeta=01J4ZV2ZAP7DA14M8CEV3Z2JJP&hash=item36d0716fab:g:pi4AAOSwFEVmLA7X&itmprp=enc%3AAQAJAAAA4KO17uajI4Us4E5mYfYmyM82DqNQf1DUx3jZY1RbhIJBV1u410H%2FkSwwzkXGZRjkMhD21MhkSKJBecxX9Ia7Ra9otuKEvpcBkHvMUtuCvtuDHfGSWVyRPbp5UGupDCp47X1%2BGm9fOBZdc6O7U5H2SsgBRm86qdXEEDjIEYKjjqirWeP5KFx2BgfcSnXuX7HDEMNZUtXL2qFRsopA2YKDjV6Gkx0sdf%2Bd5DbxAELJiV2rICo21QzrJix0Uowk4fH0BoYm%2Fy%2Bly0e33dNkQn5FuqWqY2SPeiEQZ1gwfQa96etH%7Ctkp%3ABk9SR7r1i_unZA
,Buy It Now,$79.98,+$33.49 shipping,from United States,,https://www.ebay.com/itm/176505959098?itmmeta=01J4ZV2ZAPTB3E99HJ5R1VH8KN&hash=item29189332ba:g:N08AAOSwsyJmcFYH&itmprp=enc%3AAQAJAAAAwHyM5ej6rLqNeFF%2BkWMYXd4K7BDzs1E8EkpUMkzjgcACJD%2BIMq8z7eGUW8HVihP3Le9PBR8ne3UF8uBXRnPHKqIpDi5j3aL%2FM94%2BpB%2BF2Iok9W88erYvKyxwShb8oAHofe5WO3VnzU%2B42KEluwirndb62CAprxqei0gVUwedigM5R%2Fqxv%2B57uRn--qQA95L2ZkHdgjL2vLsvmIbevV%2Bfex%2BkZcXZLYxr6ecYF2UkCUnNgB73UML5iu9J61pu78iKtA%3D%3D%7Ctkp%3ABk9SR7z1i_unZA
,Buy It Now,$0.99,+$1.99 shipping,from China,,https://www.ebay.com/itm/387121181412?itmmeta=01J4ZV2ZAPWX28J4CFEWEPCCWZ&hash=item5a223872e4:g:3oAAAOSwFBBme61H&itmprp=enc%3AAQAJAAAA4Cdi%2FKvFIP5o2%2Fwo7nbSyKBm5oEfxq3R%2B1PuARjHltZxR6sQkw4yrB8wgpyGhc3IbDG%2BQe5PDW1G51OrRoaTQkJHgZOkRRUVSLZ2y8qDsOOulfucCF75P2QruuVtmHUkWlN02Wj0SLVp6yKQcWk%2B05RoYycImLusUJXg403cW%2FebURwSxMtjtu%2FMqZCJTeAevLpH81kqmd%2Byl%2FgwBDSc%2B7yX3T%2FH%2BhjvzRHh3VWlIA28u%2BpVedgOnuDWS%2BFQKldwBNjqb66kJXvG7DEhHcClL4xsSnRz9IwClCBLKkf2iY1T%7Ctkp%3ABFBMvPWL-6dk
,Buy It Now,$25.50,+$47.45 shipping estimate,from United Kingdom,,https://www.ebay.com/itm/254609005606?itmmeta=01J4ZV2ZAPEN8E0JH2YWPZG66N&hash=item3b47e11c26:g:9YoAAOSw3BJmf7Va&itmprp=enc%3AAQAJAAAA4MrgS2OsisbGgvQvbIpfs2svGKoY2qBnFShJxGmaqWYnyp%2BZeDXy31LgNEztz%2BnK%2FJ5cQT8yXkx9CEmEzVTEdHKbW3uerZFsb6v7t9JlHh%2FVYtfGhd3ni458%2BaJo5CCgojy%2Fo3b8o8x9Uc3qu7TYgeCKsxng9Ap9y80TXzjWEPlsX07sqWRk71%2BDZol7N6f6LGec2vcrAqgkJRL3QmrbQ8y1n3OL7YvdKMs03zQDH9Xh29ca09l9oxhRa2477UVGObVPURGiDef3q7%2FiyQQk8peeeIkgpi6NaffryAihpK0A%7Ctkp%3ABFBMvPWL-6dk
,or Best Offer,$69.99,+$20.37 shipping,from United States,,https://www.ebay.com/itm/226083748740?itmmeta=01J4ZV2ZAP1QJFC5N27F6TH8KZ&hash=item34a3a43b84:g:ijYAAOSwm7JmYr1W&itmprp=enc%3AAQAJAAAA4PsjeesvLXAvMJ5h7A7G6sDO6jnDN8imgp5B7%2FgFsHzWqRj9N07yXshtlDCUZKPEYODK9fKb3oReeMsQf%2BFz64Kex0KNvj47ARs0wM%2BlJUV7jNMl5GdNhUizZLD50LKwV8Rjwoi4P%2Bdv8b2bZvfvpMy9ve2IvRXNXEl1nQ06TZ8hgr68BAgJBevmqSsP5l3h7KY0CB8%2Fqg%2Fr3z6eKvpovt9HoQKDRIySVsI6Y%2FnZTV5b0vqtWEnBnCx%2F7E%2BVvWQ71Tlw2CNLOqJOyK3StXwy6smkoorkjcPaOG5SopCemASY%7Ctkp%3ABFBMvPWL-6dk
,Buy It Now,$0.99,+$1.99 shipping,from China,,https://www.ebay.com/itm/404747030370?itmmeta=01J4ZV2ZAP8KTV4TGMREDVGMHE&hash=item5e3ccd8f62:g:L~oAAOSwgLhlnjqy&itmprp=enc%3AAQAJAAAA4Pe4gDc0ZCnI1nJTnTqjEKNqNtWk2ZAaurx604o6yIGBWTPrmaJyYRAwRF31zAE%2BHTkBnGTgi6h%2BsDGUETgqXmDBXwHEetkLtuiWMLwsJLXoJXpPAjemtqqRLDDyO9p6Z5X0YK%2FHBRgr2Zzez3Z%2FY88IqFsSoqbjDVf28GVF5Gm7wNqs6Xnl5ccvG1IsyMvMd%2Be8CMiwSrZbDofC1HH4Fk3NyIyPYuYKErqb5toy27XZL3uYNwuQnA5k1zaqbyzHJQzxf8UcBn0T6PTALOs3L8SZhVdi92vZ1NOPwL52Vmwy%7Ctkp%3ABk9SR7z1i_unZA
,Buy It Now,$26.79,+$47.49 shipping estimate,from United Kingdom,,https://www.ebay.com/itm/405055816171?itmmeta=01J4ZV2ZAPSAP8D03CHYVX5CFN&hash=item5e4f3541eb:g:tt0AAOSwn9dmeG7Z&itmprp=enc%3AAQAJAAAAwPlzu0ul4%2FENCN0mxDL3UPmoF06IJv6z9SroWQ9TYI7r6h6OV0DG7yv3d5soGSIIKcyOLpRtCkEEZDbl%2F1o0RZv24eVfHIOCpxAQ8eNHz%2BdC0bnzWphECyhU1yq12lvZHdQOBL1j02aYWY4ZldjmZRpJkMrguSP0p4Epm0N0%2FqVqmwbWfHKvGo8cGxYxWdOh3%2Bc90uCWkDop61uOo6qEVAQTkXu1oL76tu9ez2LpHYDOF0vapBO42WVjzhIxp3EDWA%3D%3D%7Ctkp%3ABk9SR7z1i_unZA
,Buy It Now,$5.99 to $9.99,Free International Shipping,from China,,https://www.ebay.com/itm/125417236524?itmmeta=01J4ZV2ZAPXSMMZKJKY242S3CH&hash=item1d3373282c:g:ka0AAOSw76xi0MaR&itmprp=enc%3AAQAJAAAA4HYr9nWJFlpzp%2BbPgr8lso8ZCUMThHv4n0cT8LRIhEGt%2Bai5QT7hviJN3HTIcfI6YcnNBv1iTNF%2BNIvMPkaGb3kr7Qb5PH62GlQ%2BadNz8WKXKqpowNp78CGzzTOtsnAdLZ7o9TqKUd67eyQaOPY0cLmHHtcyP%2FOPI%2BzFaXt9cEWWDk4DQy42x06fjpdlM%2FyGOS05j58uXwvWI919lVqBYbqmiCXro4k6AJeb6%2BY%2BK%2BnjfE8h85JOv1KVip6B1oqpuIkDvMr9hkFZlzdtjrT0Y0QzIIS6YqAGhiIJfc4dr00%2B%7Ctkp%3ABk9SR7z1i_unZA
,Buy It Now,$8.28,+$46.85 shipping estimate,from United Kingdom,,https://www.ebay.com/itm/226240301374?itmmeta=01J4ZV2ZAQA7ARMGHQZYAJQJ64&hash=item34acf9093e:g:inMAAOSwsEVmmXLX&itmprp=enc%3AAQAJAAAAwNQ0xWxLtUZtbAhDfk7aXXSaTwmcY10per4lczu1CiiQlLAXWabrU%2FJI6qK%2FcBOilJ%2Bh2J52CJRepZxusnggCffaSMDuNQ325vZVZoCdfUOkW2V6GtcWr%2BHdByj9VRL2fJ3ybE8y8WLUTbj2E841EaO8sXuzB49toNWXzqc7knjKllqEgW%2Bc9UQPdJ8ohRKSDmTQdLMjHn1hAx7jxrdYqzCVHHbDreg9SffSWFXvYjSVztnGgw31PcaXu7zaK38jMA%3D%3D%7Ctkp%3ABk9SR7z1i_unZA
,or Best Offer,$1.26,Free International Shipping,from China,,https://www.ebay.com/itm/176290732528?itmmeta=01J4ZV2ZAQSC9XH3A6KZ4K2DXC&hash=item290bbf19f0:g:JvAAAOSwBTtl9oIK&itmprp=enc%3AAQAJAAAAwImF1r6VyE%2BXSTCFW5d3Lo5Rs8tzMBs3KbfcsafpJAjPcW%2B81lUKl1J0yMb%2B2IuEe1ey3c93aWrRaue9OLQ4zAAdQm%2B6eCWH1nPyZiu2cAgCHD3wDdNlZB8NppBZgLWomEgYq9RuckN4XQpZUDb3AqpYAp9xIY9BP%2F7HyXnMM1zLEAlwqsJyr1lKQ8fX7ujuCFCavwZN9g1lqdCxPxFVFdTtbnpAp%2FfvekkoP%2F2868f6S0DhWYaRnAwrn5Ljc8viHA%3D%3D%7Ctkp%3ABk9SR7z1i_unZA
,or Best Offer,$42.50,+$27.83 shipping,from United States,,https://www.ebay.com/itm/276577828720?itmmeta=01J4ZV2ZAQFRW2JYTHY91ZN6PB&hash=item406552bf70:g:w8EAAOSwHU1mrNBa&itmprp=enc%3AAQAJAAAAwKnUZ1c%2BOo0nzU%2BmrMhN1Kda%2BswNN0ismOriZ5VbbCKSbWA23iLaEg3TK5%2BKWzL49TxR6V2G18Jx4tnK4u2%2FGba%2FwJItU%2F305WEbtIPTvg6BQSnmZZ%2F5wyEX2tHZbObVxbPcfml8xOGjKCLum0WO50vFyzh%2B2Eoe1HcrWlS9hypLyDlbpA8S5JrC3oqKTXX%2F0Ti64Hq6Ax3nDpLd1%2Fre0UbjWgIk6vEvlc%2Ba9e6cgEg%2BtAbIdJYtrRYXStOPsWfERA%3D%3D%7Ctkp%3ABk9SR7z1i_unZA
,or Best Offer,$9.43,Free International Shipping,from China,,https://www.ebay.com/itm/156205100331?itmmeta=01J4ZV2ZAQYCHDEJ4Q0BQJ4MEJ&hash=item245e8cad2b:g:vcoAAOSwxHNmQXlO&itmprp=enc%3AAQAJAAAA4LcGv0hfiSYasMFBhc%2B1%2FkpOwB3fq5vtUG8iSkPdz50bgdpv8ifGbjwo%2FiMoe2s2HqL72Y3XrsizjnELWW%2BE0JLnS2tbZJWN8m5YwF2QMEnRo4wMA%2FagI5NjtNN%2BCeS0SxjsfyktOjypNV4ZEEhLMIz8PE8oBIbj2xOPzvfr8eeGTCFt4fx6zlK3vVNbu1g89AIrpwfnuDSe1JeigdSzI1rRg4EgjMU6lYPNWEIJK5ficXQArQ6DJQfCKjD34KZ6LgwQasgc%2F2N3rTGGN5eTSeGoSlvaDotuJjU6su4H51rO%7Ctkp%3ABk9SR7z1i_unZA
,Buy It Now,$39.99,+$9.99 shipping,from China,,https://www.ebay.com/itm/155757492041?itmmeta=01J4ZV2ZAQ0BNNC3R8R8X6G367&hash=item2443deb749:g:34gAAOSwcWZkv8mr&itmprp=enc%3AAQAJAAAA4Eg3b6l89r9eiP98dwN7K6sv9%2Bvt5FgU8vzARtd8n38iQ1xbE1qx8Fs0Jm89QM0j4MJ6GnSAD0clINRCzUcw%2FwTktkR%2FK94vgR%2BwZiKOnkC6Od7NUv4V1CGVL0iPyPOdSVR7XckahCUuF8Ld1d685ZhU2CvebsbbU9hkKixtxEoJr6Op%2BFcTwJEdQGtT%2FwKmuknee8SRhTaI%2FODIf8RDQbR976t0u5ntcSJ8%2F3bNpaF8mUSgPr0%2FdAEq7p3vSJ3fH5aFDp7T8kYvMisotXvidp73qQ33r5Knvv4IFZ24X9tR%7Ctkp%3ABk9SR7z1i_unZA
,or Best Offer,$23.99,+$26.84 shipping,from United States,,https://www.ebay.com/itm/384231033386?epid=26051672762&itmmeta=01J4ZV2ZAQ36C2Z5SYQQ4P41S9&hash=item5975f44a2a:g:zIUAAOSwzmViNzT4&itmprp=enc%3AAQAJAAAAwKZH0pm%2FZDz1Wo4tAqxkLDNPMo%2F18nYRvdo5IxIa4qYKWlgHECP8cEY%2BOYcDvr1BUZMCdoxo%2BbyoWkUs3H%2B5JYSY7OYm8CR9%2BPASGxYrs%2FGtzkFB3%2BJbjSsquOOaRjxI6JdW83zqSj6vhNfujl7Qdb8QG4V4XOa7mK8Bf2OFJ%2BpS%2FGXAbvPN2aAZZDE2pS%2BYgxhj%2FV1dpcE5m4jQRIB%2FuJeiO0bBw0uqHxt7tN%2F4sWUGrU58v2MdrQqzmeizUkk%2BrQ%3D%3D%7Ctkp%3ABk9SR7z1i_unZA
,or Best Offer,$15.86,+$18.78 shipping,from United States,,https://www.ebay.com/itm/383768399410?epid=15043639658&itmmeta=01J4ZV2ZAQC37NDVX9NN8CC9HV&hash=item595a610e32:g:F1EAAOSwLltlSv2I&itmprp=enc%3AAQAJAAAAwOyblyHuI81kpCsP1WW5dZ34jSYh0T1p%2FmMdinX5j66FN9gCXkwwJOLufJ%2BIYhZJ1eqmf5t0GW9Uhi4Mu1m4Ft3ivzISqupXz0DXe5rDrpTdmRgSQ77jymzwsqNwOgexeQgYpQa2WcZJqa4t8kAUqKaQsfB8D5sx7N7%2FRo4aKUSk1sUzhBVT3%2FtZFJYXVEn6uRJtQTcgj4Zz3lyZT3oEsXd4ivHgeSNeCwsPx4kji7Li2P6EXEmiy1aPE1aKT7JDaw%3D%3D%7Ctkp%3ABk9SR7z1i_unZA
,Buy It Now,$1.99,Free International Shipping,from China,,https://www.ebay.com/itm/386157970790?itmmeta=01J4ZV2ZAQPAWJT20KH4ZY9BYY&hash=item59e8cf0566:g:d14AAOSwS1ZiGIFr&itmprp=enc%3AAQAJAAAAwBg%2BA9uHXCfy0XTPkk157g28YIF07z%2Fsya5I5IIe%2FCaOrpDJCjsJ4oHc%2FW1nbNntx98nZ0pQm%2FxoBAB3uFaH7JF9T7bmbdMVvMXXxv7bdVj3P2wOmYv90g%2FznduEoGbMQuqj1D7w5ISp%2FQgtZ%2FqRVnLhJZ3jDSBgqfYGHyudK6r0Pr0wC%2F10T7G6uY5w3pWikgDi2Pj%2BHxFKFXSiTsJaBX3r6zK%2BXNSmx1LBQOr9F%2FEx%2FfSxbUxiWcg5ygK7UEqsIQ%3D%3D%7Ctkp%3ABk9SR771i_unZA
,Buy It Now,$13.82 to $52.66,+$16.46 shipping,from Australia,,https://www.ebay.com/itm/355329577001?itmmeta=01J4ZV2ZAQVVNX59AK7ABGECC4&hash=item52bb4b1029:g:RaEAAOSwcN9ljsGg&itmprp=enc%3AAQAJAAAA4E4cOwniAkTTCVoiAX%2FfFR4Ad6T5yNBmAQRGcF5VBT%2FacIkMwQR6BRHEXsWyxXEK6dzLfbKIKXlG24GIiOaiSefompo9lrWihgm013aUp37HI9i3lypGdA9tQBWCuoqucarAQ5CZxqEGnYsEeIHl2V7FIuXTuE5n%2FKQ2v%2FRwW8UJ64LHn%2F5WtqtYkrE8iuPN5M1N3tj5Zyg%2F23mN87FJHKzBlNXDJ5YfdC9xhyCxPgq5Hd8paanR2X1nhsFDKbaTih00RYWGYHg%2F1T4FKadYziG9QFde6LHMhGP1s27jlfm0%7Ctkp%3ABk9SR771i_unZA
,Buy It Now,$19.13,+$47.23 shipping estimate,from United Kingdom,,https://www.ebay.com/itm/355093858653?itmmeta=01J4ZV2ZAQPW2S6NG0812QY47F&hash=item52ad3e495d:g:Fk0AAOSwqMhlL8Ug&itmprp=enc%3AAQAJAAAA4KgdhErMQm2jPIzLAZ8cy%2F%2BKBKd4QuzK%2FajhxdwJ1GObdz5R%2FxqjrPNGDKM9m28V6l8ZaP%2FfmAKiH0eM1%2FijYqCp7JxEmmAw%2BaBYlkFg3%2FKu%2F8w0lHdunv5X41IjrchHsE9z26YE%2BhGb9nW67CcYEyNFZx--RZBDWPy6zw1w%2FZG7YcXCaf3aPjHIZgQc5s8xoS9ljBhCfG55P8OfR7QVRUKbkaQR9CaVGzkuqosU8i6dYPVqNyvbrO5JP7ENn7Yfk%2FdeRbXadkMYXQuPVv2%2F3YX23H7tC%2Bxl3Cv1fxClbu7S%7Ctkp%3ABFBMvvWL-6dk
,Buy It Now,$169.95,+$23.32 shipping,from United States,,https://www.ebay.com/itm/126573821540?itmmeta=01J4ZV2ZAQ5ZMSH2PJZKMG6E4R&hash=item1d78633e64:g:CKIAAOSwaUBmka2w&itmprp=enc%3AAQAJAAAA4AiYvZ2Dmmq4KuPnzFjMjLnSDlDVZ4QxEupSwm%2FN5GDBcFvi%2F25WZ3rAlO65bMSG5ADYWGAQ1e%2F6UxMJE7CCEvekhN3Pk7XAqrDHhpKXKX7Nv9NaPe%2F6iUA8dxZdPzi%2Fs%2FRDdWhtC4CX8PXOv2d2bb7%2FBIbRLyak0otvJztg34FWGxv1wVbl5daiFlyxb54OsbWupqh980Dp0vMvB0p9Da2JR7y3cN8sTQc6EVdcxm6JWqgSbV0QGu%2FxdzjO08tMUd9rca%2FwtTPcQhK5qAgSyrGec5vUFHVqCnjHQpnvKIwA%7Ctkp%3ABFBMvvWL-6dk
,Buy It Now,$6.79,+$26.78 shipping,from United States,,https://www.ebay.com/itm/315356565812?itmmeta=01J4ZV2ZAQBCV94P7C6TN221XP&hash=item496cb75134:g:snkAAOSwxD5lRa2P&itmprp=enc%3AAQAJAAAA4MkBfvXDhhmQ0INUcuIZ9jzLJ0cKbzrIDZMzYcSKcthUkxyhvIJFsm4uZjeGKr5gm1LIDZ431R9vfzR1%2FZBC4C2bPo5cNKTy3Z69WUhTjj1fQMAzqAyD3dAMbUx1a1bpI%2B0vavlizGOXCiPTlLquvfk4gPubOMJ1pAjQZX%2F4MrZ3gcHA2ivKgogDMn2BX0%2BvQRLPtob%2FuwAhqS%2FWlSy0rOoMFgPfEos%2F6i9b6j%2Fm6%2Fm7s7ujsi1G70nus3rXl6hD9wLUIQ15SrHfN8GAFTFwbO0uskZi2EulS6OZCm6uoQno%7Ctkp%3ABFBMvvWL-6dk
,Buy It Now,$80.95,+$28.96 shipping,from United States,,https://www.ebay.com/itm/295838515387?epid=12060649896&itmmeta=01J4ZV2ZAQ13J4GTKX02T1JE3P&hash=item44e15980bb:g:P0cAAOSw7mJkwAwb&itmprp=enc%3AAQAJAAAA4H%2FvNsaKYMteMgPllx2p5gl5ETB818iN2NJ%2B1IaBQjYb6Hr3Nc4KFTyPWR%2F3XjrRioSXm1iwTCtUDai%2Fo0LDG4%2BGdd6K1ndzuDQAH%2FS3rA%2FFThTBlPeaW8vFTX4h8f3SArIjUFPW7dzcFOiFZgmvo%2FBpzjSdZVC%2Fw15ypcpXrEOAqwlYKHQtozD780IQ74YUuUMaAZNz8iTXkQ9gi9AUKk8DCrjuDfHc1aN5G%2FPje21q5lasecrmrwydVNWYOHbTYRicf%2Bi0KBvJ7qhvuhiIEvTb25NBU3tAEWqzhqN9etYg%7Ctkp%3ABFBMvvWL-6dk
,or Best Offer,$12.00,+$22.52 shipping,from United States,,https://www.ebay.com/itm/394949258654?itmmeta=01J4ZV2ZAQYSTF2WVP8GMDD3EQ&hash=item5bf4cf6d9e:g:Io4AAOSwYLFlM09j&itmprp=enc%3AAQAJAAAAwM8gSG1B9MSqu4P1Bb6a6fJDzUAvrO4A664EwT4xxQDNeIxgQni443JBp5%2FrXfUyMDahLeE3%2BWtTmm7o9HwAxq6TWDRUWwye6svNW3xRfwH9BtTi1UuHmOI33ptnAl5UswCF4VZBAoc2zmR7SC2SdDt%2BGEEwIC1FD08AdmCsg8GEEThW5WiHd7IwgaB91WqSZ2k8428%2Ff66wDzzgmghWdTfbCirEGmpnyMjTthJE029YFrqV2vbboTWt4ujjWeno3w%3D%3D%7Ctkp%3ABk9SR771i_unZA
,or Best Offer,$63.80,+$48.77 shipping estimate,from United Kingdom,,https://www.ebay.com/itm/196522609791?itmmeta=01J4ZV2ZAQ3T3YE500GBVAP5HD&hash=item2dc1a90c7f:g:OkYAAOSwyUJmonij&itmprp=enc%3AAQAJAAAAwGUyKXMmZLxk1EbaWuqeNigpJfWzp5S1y0U4a%2B6WHOlmWJX0qEbxu%2FPigUxDrFfBc%2BiSRTibvPxoKg0O%2Bb9pFqEFoBYr3SGtHV%2Fw34%2B1ziraIKcRP90Dm755LAZ3E65wOwpyp3fpiEsfoHUjuLMh%2FShC0UvFDdzUEw7ujswO%2FQt4xWlLWKrO719pagO7Gqe8sfmrKheyCbRuj96SJAlB9y8mtriELxdb%2FlH9vsLh%2BusErrWSxvPWVHj0ZOOT%2BC2miQ%3D%3D%7Ctkp%3ABk9SR771i_unZA
,Buy It Now,$33.99,Free International Shipping,from China,,https://www.ebay.com/itm/156149242188?itmmeta=01J4ZV2ZAQH7RYVRHJ91AA4QWN&hash=item245b38594c:g:U-EAAOSw1LBmC8IY&itmprp=enc%3AAQAJAAAA4LSlya8xMhyDqMXRGMXNDRdE2ZHsMOt%2FcK4cuUqBRbbcS%2BStSEOcR99TfHc%2Ft6qXaAxWTDTNiEMot0qxejeSL4FvXZwzCCuNdBHz%2BPtkxKI6OUTkjdjhlllJA6ZqS5B9zVJuY2HRywpx1MzuC8eGzc97LpgTTQf5eAZdsw3flp4rCCn92nf7O%2BFHm5T6YyXV0NgpiYPcgixX56KXX04takhgCO6Y1siFZZRXqm1STk3YrN9xpnohc4lgclpDREeWItSshh6OkPXEQqL0CVjFgNaHBL%2BKD2r21WrfimLZgA9J%7Ctkp%3ABk9SR771i_unZA
,Buy It Now,$10.20,+$7.48 shipping,from United Kingdom,,https://www.ebay.com/itm/402314927013?itmmeta=01J4ZV2ZAQQAX2HX0QHHPEZKZF&hash=item5dabd69ba5:g:UoIAAOSwteZjpDd1&itmprp=enc%3AAQAJAAAA4PxOQi6zNCfCfB2h1b8cA75VNcd4erYsEHjS7Bt85kvxFhJnCz9q%2BIyXAMB9plJFIKT9wgx5M0Je27bL5sDGLG0dcG6tIL4ybyPunvrM5tfpD%2FmV9ddd4eZ8m7jvLAdHpMnvQlS2vEXs989d6gbReu%2F%2BqkYXUP%2FKqZukYkq20n0sAkZlgNK4w6wYP1wgaPS1v05G2FiQQi47bSJqmEC6Bgo7%2B%2BTEneL0Rk0p1OugRX7CgGgViIYTsupJ11l8I7NCPQqJwupMocsIWs4Z20NkyRhOezSH93nmAvnK3odC24hr%7Ctkp%3ABk9SR771i_unZA
,Buy It Now,$1.78 to $1.93,Free International Shipping,from China,,https://www.ebay.com/itm/387175954034?itmmeta=01J4ZV2ZAQWVFK2H4VP9W79SNT&hash=item5a257c3672:g:tAYAAOSwdeRiRv7m&itmprp=enc%3AAQAJAAAAwENvHEfOhvNXEM5y6xOA%2B39542ciCDRMYV3Uz2%2BfIGiaAT1Nizpb7nXBLJieJWqC3NVuCORr%2B3Mgt33VU3gD%2FIkHMz7IX5r176Ov88EAYfmIC8amRtjwAUVmCgge17%2Ba8%2BdZNxaYkfnLS3K%2F182Pa6r1oWsf0J4bpqRRx2yrLjSm%2BoBh%2FqZuKwmVE4cgtY13shMbxaBjDfPkeNU8VPxkdgYLOqOMHX9Wj2LrGj49YNJ9boO5V7vt%2FZXuoJ8WSWYtaw%3D%3D%7Ctkp%3ABk9SR771i_unZA
,Buy It Now,$25.65,+$27.33 shipping,from United States,,https://www.ebay.com/itm/405101192755?itmmeta=01J4ZV2ZAQFTHPJ3N6WY6NY7SJ&hash=item5e51e9a633:g:qCkAAOSwDQtmlEih&itmprp=enc%3AAQAJAAAAwKCy6X4lpHVfO4svJMSzxqVSpL7HZOs8xjg4GwpGJ7GSb1zYnyKJhlkVlitPKXIpQGSLWGsasSVjhB9IP%2BeL5EcUvL7FR75JuOJneIEgA6atWJzOD6sb13fRmduhRw6uCosYOFjkbPl6hCLdbxvT3i3%2Fw2sWCJxdCok82vZXvp2aF1NveHaHAJSYCzjZw64dB2RS%2FHZgYvCExPlzR%2FP3mVsKXiwtrxAQ909gwke6bGd1z0kKGJqnxuQXHvnhwQfWfQ%3D%3D%7Ctkp%3ABk9SR771i_unZA
,Buy It Now,$12.99,Free International Shipping,from China,,https://www.ebay.com/itm/285528584577?itmmeta=01J4ZV2ZAQ1AHX00F3AS83XHYQ&hash=item427ad47181:g:tn0AAOSw5NVg930L&itmprp=enc%3AAQAJAAAA4CQ1p6suC9Aszawo82DQGOq49Oq5vFRWbjFxqc8tK3rUdNMw6uiH%2FhDdXdcwx6%2Fghjh%2FssdE4pl8K96tVJyQQ3qT2%2FhYG89b6VcbO%2Fn5GfCmrZlwah5hk7WJ0F0c2lFODHMxUbkcVlOWiaF7XfrnO5BgXAz2h0%2BhShHpPzqKo%2B811k%2FO4uQZEbJppgXt9nNwJvUY39oQ4%2BkmGTLnK%2BybikCTuFpRMLdKkZUXpImshxk8d%2BKW3zqjm91jvdx9XCokTT6qZ5htt6U93%2BRUZ01qf4WuYiwYD4J5sQ%2BHnjJR3WFp%7Ctkp%3ABFBMvvWL-6dk
,Buy It Now,$4.99 to $9.99,Free International Shipping,from China,,https://www.ebay.com/itm/225523376241?epid=1939147907&itmmeta=01J4ZV2ZAQ07S03WXA85V8HWYG&hash=item34823da071:g:T-0AAOSw2jRkJkQh&itmprp=enc%3AAQAJAAAA4NTWCUT%2By4ICxc6GlUlxGzmXMihAYSyM%2FVZjOcETlewwWEcfKH0U0Gf0S7pbESyZYD0lKJGd7Pgqyy0iHvPw9%2B%2BQOv2y2xZwAgEPjauxAivqwKSuT58VePabNdt7kBpDdRtxLh5GBHPVLPcN%2F975UR1X1g1hcIoqAUhFOvoLhYQLMK%2FmMPsAjbh8z1hwfSeH4f84FNug%2B%2BnlyCbbIDaTvdaIjiAM3tKogeRwEEbPKtAAJLPBOCk8uN56JbjtIZZJnv83bLkslJcFIKXMU7pxZOi8pe9uFTO4DNZvFDtopmwH%7Ctkp%3ABFBMvvWL-6dk
,Buy It Now,$12.99,+$26.96 shipping,from United States,,https://www.ebay.com/itm/256472226190?itmmeta=01J4ZV2ZAQM1K52BFKSBS4BM2X&hash=item3bb6ef998e:g:P2gAAOSwAkNmCNBs&itmprp=enc%3AAQAJAAAAwMb0rb7QHxalEaGLPBYRklNU%2FYSlvsvCeRt5D34lYrvFdjco0RGQVhczQaMEU18uyncG4Guo4yh5uqg083cNTSqGTSwmPuhcnthOxIQ5GACf4LxTY3s9oVAV34uFG2rmO%2BISUh5XOv4muIke%2BhdC1q%2BKPhk%2BI%2BV07WCEiEwrldrtPjXZZ8NBbu3AeS%2Fv9HWfbXng%2FTk%2Bg41rfjjCkYWQT5hJP6Vt03%2FTALCmPM3ONTB6YLCqyrc7cz%2BgzPGgj7YNwA%3D%3D%7Ctkp%3ABk9SR771i_unZA
,Buy It Now,$51.04,+$25.53 shipping,from United Kingdom,,https://www.ebay.com/itm/226166649921?itmmeta=01J4ZV2ZAQV2ZEJHB9ADM70C10&hash=item34a8953441:g:neYAAOSwk4lmVkwU&itmprp=enc%3AAQAJAAAAwOSJj7rJ6DFCk4MoEGXjIJGP44srRrYwQc3tUB1UvLrOXrMxsC3E6J3e9iR0V3TABq0PPgBbvXC6XhN3XSjFUWr8YajJDm9E2IDpOvOyl2qFOKXDtVnZFJzjoMzlUbyYcodAfYPfuvxeMqDe1Hp4c9NNEvBJCkw2Y1liJkUL6c0%2FSNqHtJtzSLCNeh8RKkRnmgbB5rf1lAa1O7dEPD%2FmxFDS5fEAAjBxkP8dPyxbvLUEwVL2Cmxkb4069Yy1nPCeuQ%3D%3D%7Ctkp%3ABk9SR771i_unZA
,Buy It Now,$6.99,+$18.52 shipping,from United States,,https://www.ebay.com/itm/162105586954?itmmeta=01J4ZV2ZAQ0YJBH4GKZX71R7DJ&hash=item25be3ef50a:g:r74AAOSwvdhf~IYl&itmprp=enc%3AAQAJAAAA4DzBKU1EvFg6fCtCYwHhazf%2BNFJXMXxD2Wcw6fAt49AA74oWjtS0YsHcUJ99pA25SOieNA4fDdOI85pjbqgKr9lLc%2FCFnfZJxWRJ9qGF8KDY88hf%2BC8MGMrpdHP%2Bz9ZQyCU%2ByYhHcr%2BG6wsCt%2FjYHOklbg2xVmUFwsoOng%2BY5KV6PmpG5U2ig6VV0xPMWWOuuiLDGV8AYawD2AzxXZZFWwuMNyFPQmOv0zV9RYccBeksq8z5ffY%2BflEfdwMVJBgHroSRjEAw7d8bEQxYNfS8z6b7tJZHSx9jW6ftdLnG%2Fq5P%7Ctkp%3ABk9SR8D1i_unZA
,Buy It Now,$145.99,+$22.62 shipping,from United States,,https://www.ebay.com/itm/276297054937?itmmeta=01J4ZV2ZAQZXQ8X6XVFV7N4DKZ&hash=item4054967ad9:g:F00AAOSwjBRlriCe&itmprp=enc%3AAQAJAAAAwDyr3v1fGcsLTyLbMbPEn%2BgLYS6L7FQ9Yb2Scncdea8HgV%2BJrzZzBme9VrxbRgxnqqtBKZEZObIRHMKCVbyVb1Cq3KnDTMrskgd66nMcbVhz7QcyAlrY6%2FNNs1g%2F3KKXjkjcERbFJSaHEwfLh2w0j3BcSPKUi%2BdA92n6AJzoW7KVFdTQl%2BYWnop5laQCjAU61uB6dj0Nw5toqqWXziB9%2Fb3E7p0WTuB87bERxbwQDSqsiHUWiBDbf9DWzqou5QoryQ%3D%3D%7Ctkp%3ABk9SR8D1i_unZA
,Buy It Now,$25.51,+$47.45 shipping estimate,from United Kingdom,,https://www.ebay.com/itm/126558873457?itmmeta=01J4ZV2ZAQSCSHN3KKJHGW2Q10&hash=item1d777f2771:g:FfUAAOSwSl1mhQyZ&itmprp=enc%3AAQAJAAAAwGNzZjsgBSBfkykbfBF6u3tewCu6rkrhkZOE0t1C8XLSFAjwq2u5ukxuPL2OjCDdtv0TzlZQZ7z14REyG20oiC7rbO3AzGfrG0meA%2BEOvuX8TujPuKdCQGZFC95YaZao6kOVV1JoAPh7C8b43mH6Vbe5PBdWIj5FXm3ShT3NHPnivAMraJa10oA1bJRC%2B7WvxKVIFB5m1U9OyJ48RGnOTtkRcgruZW6pf%2FlnKRMw1TYcmgi0giClu7bfTRbuxYtwGA%3D%3D%7Ctkp%3ABk9SR8D1i_unZA
,Buy It Now,$0.99 to $1.99,Free International Shipping,from China,,https://www.ebay.com/itm/394897879949?itmmeta=01J4ZV2ZAQVDXHKRCT7ZQM1V29&hash=item5bf1bf738d:g:fQkAAOSwanpiHIwE&itmprp=enc%3AAQAJAAAA4PYV%2FcCsDBDNuAggnrXROYr52vMmG%2B2oa8W%2FayC1scEl%2FQG8h8TGij6glfNtP6fNzOduvideRy4KV1Cqq3cvO%2BzVTtwgVcOjC4ZOoKadWoJ1yu0kTmQ%2FlyNRos4g%2FBPsyaZC8OJyquTl6vwxmV%2BMQzrLfTGmxDlXB6ChOVGyr78liBvTK1oSfFdNzR9HKjkMLoLgb1Za5nrj9EchEiPde6%2BgxVrBvu235qoJNZAbHV6vHClD1JzsTTO5o8W1nZSxbfPSxUHau%2FWnxc6Nj9pqhzJI%2FpGBhj6zGPsCBK%2BvMykl%7Ctkp%3ABk9SR8D1i_unZA
,Buy It Now,$6.70,+$0.63 shipping,from China,,https://www.ebay.com/itm/195970129353?itmmeta=01J4ZV2ZAQC2KK3R0HW898488Z&hash=item2da0baddc9:g:DU8AAOSwFRlk-YOl&itmprp=enc%3AAQAJAAAAwHh9RZo43hSPW%2F4U%2BX00pttuB%2BzMcntw8yD7KrGJmVXBs9duszGyD5ASbLWgZ9LjdjGqDZjyXUjkNVglqePtbycbpgHguadoFbpyQR6lyfi%2BnPoXswDDjJdZEILcj63Nvwe3HJN8sPOh%2FjTHi%2BGLmIQzPTj9mmFLIJI0%2Fd0FMtXmj0kCytdKWdyJELIdj7UlY6fowr8HRJZT7j0utCDqYSwDXJnyuF0arszC5ODnhHuoxZqN2xjZ1v75kEc0cuHABw%3D%3D%7Ctkp%3ABk9SR8D1i_unZA
,or Best Offer,$15.95,+$32.40 shipping,from United States,,https://www.ebay.com/itm/315653312956?epid=219973069&itmmeta=01J4ZV2ZAQTGP6N3M1AKXKT06E&hash=item497e6751bc:g:yAcAAOSwJrBmt7RW&itmprp=enc%3AAQAJAAAA4AnKCOvS%2FSZtHohW2XoxmVxdffCPCIDFRK6iF%2Bwb1KlkOd7B32lDNsF3m9LZuwzXtmndBf9ZR2HWxj9pya%2BiO6mur2nfpCMyZl1ZkPEr6RUxj2igKmNRBKLjs%2FytfIX6Ieda0Wim8GaiYj45pVmufbue5uWzvFrRwee%2BQxNTCvj%2BJvscR2e9u0667tBoOClPXWrmBwgdN7WNMDu3KgVGa8X4yngo9eKMZIz06ydIE4vYJb%2FxEj5rcfXGg6CeeB45JQcoiNBjMjKWsDfndHecjT4Woz0SDZMC0kufHh0eacSP%7Ctkp%3ABk9SR8D1i_unZA
,Buy It Now,$29.95,+$27.02 shipping,from United States,,https://www.ebay.com/itm/145762744647?epid=8034992777&itmmeta=01J4ZV2ZAQZDQJAN11MTPXAH8T&hash=item21f022f947:g:73QAAOSwUZpmOVrg&itmprp=enc%3AAQAJAAAAwAygJjqEj6i6oAoHI%2BiuECmGovrCLQZynPhK80zmkmN4G%2BIAmIK4f9BE5SVU%2Bc%2FjUMQTCLaxcvZhyfcvcX%2FW8iPhC4gHxcxINwjMbmsVmWBaVnnEgcXmbQyKyJXWTc9qPGwWvOYj6gTtj%2BcUnn4xlyvu4yrHLKiP%2FBOh5VqSlqj0OnQDspFDS8as2hLIi7px00SnYZBSbrStn9CWDG9z07BC6W9QEfGkYr5049SuMuFqnzmveDyUDnRdmOjm3guS%2FQ%3D%3D%7Ctkp%3ABk9SR8D1i_unZA
,Buy It Now,$0.99,Free International Shipping,from China,,https://www.ebay.com/itm/335300647892?itmmeta=01J4ZV2ZAQ4G6RHF8838N7X72K&hash=item4e1179dbd4:g:WoAAAOSw8ARl8SQI&itmprp=enc%3AAQAJAAAAwGC6%2BVtpFfbQ%2B%2BaLo2ONRZuahJRxEzXNBKzRjX8nsG1M0UvfHPR2WzV4CbMXNi1VezObWxJpGIUcYXXo%2B%2BDaPrrVYpIgBK2limzhPe5lBALnCkA9qkCKkUG36QiyYN74eKIwl0hkSzx%2BHp3byEVeLDJGEHm0%2FN3QV7F5jGxydsHloOwsAyDZsq%2B3xQdZYutBV0FxQei9qDAGGbNty3PNKFUExKbx%2F6IfMjL3SuuE6E00SvVND72NIV9coZSbzkn7%2BA%3D%3D%7Ctkp%3ABk9SR8D1i_unZA
,Buy It Now,$54.95,+$28.20 shipping,from United States,,https://www.ebay.com/itm/226179516456?epid=12050615318&itmmeta=01J4ZV2ZARA49SSWAY28XNBKBZ&hash=item34a9598828:g:q~kAAOSwSd5mYRDo&itmprp=enc%3AAQAJAAAAwHUb5wFlbAUbul4rytx51FY3uoJUymBKS%2FPKsxhf6NFwAOwws9zEiQMLwoq9djalKrq2sACfAh02O%2FSu4buTbnzqGuhB1o1X0qnOXj7DHjX7kx8uxdYzXmTaQgpdUNG7l7JVmduEbePrjITIr4xN%2FR3eMCL%2BmKhCldD77GoOS96JQv6t91JFatvNPc0akTj4OgOiCo0kKA%2BkBMR990j5tECtO%2FXwbsVisvHyZKApdLcMFI5jrBepziinV7fMW274ig%3D%3D%7Ctkp%3ABk9SR8D1i_unZA
,Buy It Now,$42.95,+$27.84 shipping,from United States,,https://www.ebay.com/itm/196429522026?epid=24048604684&itmmeta=01J4ZV2ZARAJ3S21HZRJSE22CP&hash=item2dbc1ca46a:g:apwAAOSwj89mjI5o&itmprp=enc%3AAQAJAAAAwAcJef%2FmEYV%2Fn8ADgVQYJf9J6LmRIByOsc9SXqI%2FxlQsUe%2B8Lpo4Nb9roM1CVFXGB%2BtRy2WUGFEXt5OaHHK4e%2FBfUKF2%2BcuUi1brWZgYdmrWc%2B5nSbXu3u9m1EZTlQFlRZKrjWlC%2FIOFZp5AT6XMwKGmkQ2%2BkguOvVnRTEcp6QCdvbRyj3AetFXpJXtVjnnOJymMS3IZJ%2BMz5EasI4e9uDE5JvClnHeg3gZlFEHh4wrtqWFU4JMXmbVcZKQQg8DNow%3D%3D%7Ctkp%3ABk9SR8D1i_unZA
,Buy It Now,$3.37,Free International Shipping,from China,,https://www.ebay.com/itm/386967965949?itmmeta=01J4ZV2ZARB399XST03A6GCMC0&hash=item5a191690fd:g:1tcAAOSwQTVmL1R9&itmprp=enc%3AAQAJAAAA4CN7SFB8D1DcdzetOv1L4Sf%2BO7wcatvFkK6qZccGSTyGuVzPbmmlcj3J5cvVtmLc5xRcaf5vjJY9DnVautDc1OFfvdNnKBEx9UxKTWaurjQN8%2FU7F0GhvH8Dd1%2BN2Ez4eeR06w5J0ak%2BAIdWv8coKhQpIjrRRUjIBxHbVOYAixmhQ%2BxcH4Fc3%2BhXo%2BJ9S7gioWih0Sd--5v4jC8Lx0qV7YUXilkwPyka8BQnmSZfRU7Xz85Ls%2FJHyjL0kHeWWfNr%2FvNrfUdeq6WwNFzyEhKz%2BLo57IZjyWwB9OjqsOKVGdMA%7Ctkp%3ABk9SR8D1i_unZA
,Buy It Now,$25.51,+$47.45 shipping estimate,from United Kingdom,,https://www.ebay.com/itm/126557786960?itmmeta=01J4ZV2ZAR6A3P76CHGSC6AH22&hash=item1d776e9350:g:SUcAAOSwg-lmhAvm&itmprp=enc%3AAQAJAAAAwBkzm6X33NwV2saM0h9DNJa2nAngc6VPdL%2FKKzyTzN16GL5P2Nm6UZimezjBUsPIRmb9A09wolAhXCE0UATSREaYRtszCc8JP7CBMvHUrB5oZhIhkl7%2BuXGPyDCbHmiduU%2B2016BybAKj3dvXVqshULNLMutLo8Yk%2Bkv1Tr4r9q9l1AVNq9e%2FNDU05Px5w123rhneFpyOFPFjGNpMstd06BkSOkTv%2F2LcFiocI3rm%2BU61oOK1zfLmf%2FJdyARL8AaWA%3D%3D%7Ctkp%3ABk9SR8D1i_unZA
,or Best Offer,$25.21,+$47.44 shipping estimate,from United Kingdom,,https://www.ebay.com/itm/234939777384?itmmeta=01J4ZV2ZAR3M5FDEY2AHDQV927&hash=item36b3808168:g:1D0AAOSwUqxmaOJ2&itmprp=enc%3AAQAJAAAA4D0Oglz15SWQgXFRuHyWEH%2FbkaafTjTIKuF4pCXcWBd9lf%2BW7gFXcC7pOKknKrJEkyJmK5DsYEPb5FaEz0lPYt21B7EuaSzM3fhzvN8rewBA7v6NNtDLoRqj1FxEP119zrUDLIA2ZFY4UjJ%2F2imNpxlz6U1SsYrsnK%2BtcvEbmMHSjnPPIu3gpbxCalLtLA5JASWHh70%2BY1AWukU12YrUaOCeZ%2F93hg9mDBL%2FGCf97AHQhPUfRk1XQTVWAX%2FC1%2BF%2B78QdBTl0SB5tM6vhGVQjd99BcKoheZlU24Wr%2BZCD6pgX%7Ctkp%3ABk9SR8D1i_unZA
,or Best Offer,$1.69,Free International Shipping,from China,,https://www.ebay.com/itm/126557746078?itmmeta=01J4ZV2ZARF39C3H94Z5TMP7E5&hash=item1d776df39e:g:mbwAAOSwDwlmg~LR&itmprp=enc%3AAQAJAAAA4AWMgZKPEg3bDai2691m9ogVG%2FIJR1EkWrD1hW40GAC9ac%2BbGv%2FEGxDm68Zz6SqmWT1irEzhiK12sRLz4L5lEFZ97GBzN0glmnyNOWUBigjaiiT0AEylg65KKsGmE%2FY%2BsWlhN1lsbcXef3BpIkTbmg3XsxFVCRoCvsLn5EH8Bb9nVnnLFi1VPTnStutAQpLJxPfZhgmE3x35aptJM1AhpERuPoY9xxq40g5SYVzTnTRqYdL%2FuWhNxYjowxyHgSKb%2BQeOaaUKJmDWSgzgByzGE48vaqdk3OVKgbLaJlnAJr%2FS%7Ctkp%3ABk9SR8L1i_unZA
,or Best Offer,$13.00,+$22.55 shipping,from United States,,https://www.ebay.com/itm/394949256024?itmmeta=01J4ZV2ZARRGZP18P16988HFJG&hash=item5bf4cf6358:g:-H8AAOSw0EhlM062&itmprp=enc%3AAQAJAAAAwEUXBk%2Fk6PpF%2FUoK7ikKkLGef2uU%2BaeQh64ubSybyn%2Bu5lBeEk%2FtT5%2Fwtsiaowzrj3EwCL3cOdov6iUYHSPtdZIb6sy12jg0tBMAkYyo9uLsMNsm5YUMM%2B1GT5T4GXbqtDauLLkITG%2FFtS2qG3zasrsycz347QoC5aqB6Nuxc%2BVFKDHwHXgCL1jBIfzbqDtH1YSxP7Z0xiLBCfSuOanHfWG0YNB%2FA9G%2B8UHTF%2BQ1eEoc6NBrz6L8NrHze5EndiLFIw%3D%3D%7Ctkp%3ABk9SR8L1i_unZA
,Buy It Now,$18.99,+$18.87 shipping,from United States,,https://www.ebay.com/itm/155355989762?epid=14050786558&itmmeta=01J4ZV2ZAR52PT205QJ56B1230&hash=item242bf04702:g:SkIAAOSwO9djwM-R&itmprp=enc%3AAQAJAAAAwPn%2ByjYr%2BJaKD%2B0a%2FklngLDGPZaMDr41uAi3kRP2Q6onrLwrYsV7CDUSzjJC2G1iLMSwYpYLoqw15mUsMEHi0vop30xk%2Bxg5IdYfttYKm45meE6Ok5Gqs7v9WfHXfqViFOlWL%2ByaRkaiW8Vu4WeA2rq7JMPQ9%2FjDC5RLPy7IIVLaswoAB6EAlhjFE0HwkvekNk2ms9gXl2%2FkobyJu8ykMUWF5MqJ7C%2BSK0yj2eYegPLM9J4XHAvwFYD9iVrXyE%2B52w%3D%3D%7Ctkp%3ABk9SR8L1i_unZA
,or Best Offer,$60.66,+$20.10 shipping,from United States,,https://www.ebay.com/itm/383512849155?epid=25064184695&itmmeta=01J4ZV2ZARA2A3H9EGH0PDJWDP&hash=item594b25ab03:g:abgAAOSw8dtmPISq&itmprp=enc%3AAQAJAAAA4DKdd8dyGwrKZuauWW8uKsTVlBnX65vE8%2FFQChi%2B67snyPk3w7rJYEbDMPnT6JtIl7YkXm8qvl1Rbgl737zpKFosJcPXfaoAzYgVyDzOFJsdD1hSWcohHBGd9fwyI42Ic7uKJelSqXmwmoWyPc5jtEouWHan7u1%2FjleQsmujc6GEsi3IHtmDOxFGvMLeHH5PgMHDP0Q1ocXDTbiGReivhrNNY2Thug1aPQGHCosbzV6aGrPTfC6vxBNJSgJ%2F%2BfSbm92O8QM8wVncFh%2BXAhwrY0BoCU2QrJaJDy1u0NX5%2BfjM%7Ctkp%3ABFBMwvWL-6dk
,Buy It Now,$12.59,+$35.99 shipping,from United States,,https://www.ebay.com/itm/195335154403?itmmeta=01J4ZV2ZARKC3S2PGDD26MRD31&hash=item2d7ae1eae3:g:WGwAAOSwAvVjGW6-&itmprp=enc%3AAQAJAAAA4JGh6kxe3hmz7k6BSvw1r2qz2z9ErF%2FpjFQuR2fHu9dUo1a6m3pxg5kJ70JoMxToP%2FyVG6fo%2BugVvCJnt5plZ07G5UOBmEPiR%2B0AID%2BAN3IgDMNIO8YWoHAPZtymep467yluyVGkp%2F5iYNpXy7Dy5zquzheiMGQMMNC2bfZQUs%2FDkc%2BXfh4L8bor6w3TL5hCx33IeFgSAivpNzgTV7QDRevEgcORQ5gS3aD%2BDNCZQGc0MWoXfS%2BLREw%2BZSgqZvSC76ltBThvJjQ9DJoME%2FHnuRGSGafV4Euff0PvvklgRLUg%7Ctkp%3ABFBMwvWL-6dk
